Soil_pH,Temperature_C,Humidity_%,Rainfall_mm,Soil_Texture,Pollution_Severity
8.3,35.6,64.9,62.4,1,3
7.96,31,73.1,8.2,3,1
5.35,16.4,33.8,121.7,4,5
5.66,31.4,30.5,116.9,3,5
7.64,17,58.6,237,2,3
5.18,12.3,91.2,386.3,2,5
4.89,33.9,53,48.8,2,1
8.14,19.1,69.7,124.7,1,1
5.24,43.9,78.1,375.8,1,1
8.19,13.1,34.7,18.1,1,3
5.59,39,46.8,112.4,3,1
7.71,12.6,94,308.9,4,5
7.76,34.7,74.7,308.5,4,1
4.96,40.2,66.7,132.4,4,1
5.8,35.5,67.8,354.9,1,1
7.35,36.6,62.1,308.4,2,1
6.21,10.9,28.1,12.6,2,3
6.53,41.8,38.7,164.2,2,3
4.81,20.1,32.1,371.9,3,3
7.99,38.1,34,357,2,3
8.08,21.1,28.3,91.2,3,1
7.94,10.2,58.3,167,3,1
5.85,43,44.2,207.5,1,3
8.39,43.7,38.9,198.9,1,1
4.65,31.3,57.7,20.6,1,3
5.46,15.1,56.7,394.3,3,5
7.55,18.3,74.6,147.1,1,3
6.64,13.2,82.6,128.3,3,3
6.86,33.7,21.2,204.8,1,5
5.2,34.2,49,374.7,1,1
4.95,42.4,85.8,103.2,4,5
6.72,28.5,38.1,37.2,1,5
7.03,21.9,46.2,290.4,2,1
7.62,32.5,26.3,64.7,2,1
4.54,13.6,69.8,2,3,5
7.27,32.8,36.8,284.9,4,1
7.49,32.7,83.7,263,4,3
5.97,19.3,38.3,389.2,3,5
7.02,37.8,57.7,230.8,4,3
7.39,19.8,21.8,258.2,4,5
8.32,42,47.8,6.2,3,5
8.37,43.7,84,117.8,3,5
5.77,15.9,61.8,374.5,4,1
4.89,31.5,94.3,56,1,1
7.46,34.4,72.7,143.8,1,3
7.74,40.3,88.5,204.5,3,3
7.1,34.6,79.7,356,3,5
4.88,30.2,22.7,186.2,3,3
6.86,11.1,22.8,329,4,3
6.59,36.9,36.2,249.2,2,1
6.63,28.9,67.8,290.4,2,3
5.79,37.8,40.3,175.6,4,3
8.35,39.3,72.2,163.6,4,1
5.5,29.2,73.6,264.1,4,5
7.45,29.4,65.9,167.8,4,1
7.53,10.5,28.7,18.4,3,3
7.31,26.6,27.3,196.6,1,5
6.24,23.9,66.2,254,1,1
7,27.6,84.2,263.5,2,3
7.07,10.9,63.9,376.1,3,1
7.07,26,60.9,376.6,1,5
8.12,16.9,25.2,40.3,1,1
7.23,12.5,43.9,338,3,5
5.63,14.1,72.3,251.6,4,5
7.71,19.9,33.3,300.2,2,3
6.15,23,78.2,136.3,1,3
6.22,36.3,76.6,41.2,2,5
7.81,21.2,87.2,155.7,1,3
4.87,21.2,91.3,380.2,3,3
6.29,20.3,44.6,269,2,1
7.66,13.2,57.1,23,2,5
8.05,22.3,28.8,57.2,2,3
4.9,12.9,72.6,29.1,1,5
4.83,13,94,149.7,1,1
8.29,44.5,76.5,150.5,1,3
6.73,24.8,88,44.5,2,1
6.37,12,28.9,47,2,5
6.83,43.7,48.1,114.3,4,3
8.35,10.4,92.7,17.3,2,5
8.47,12.6,61.5,387.7,4,3
7.28,25.9,67.1,233.7,4,5
5.62,43.3,86.8,182.3,2,5
5.25,26.2,46.5,233.5,4,5
8.44,34.4,60.2,123.8,3,3
5.15,41.9,81.7,379.9,2,1
6.17,42.6,85,18.1,2,3
7.74,44.6,31.3,237.7,1,3
7.87,39.3,55.2,165.9,1,5
7.96,38.5,95,398.7,4,3
8.28,39.7,38.6,180.2,2,1
6.92,18,70.4,247.3,3,1
7.19,28.2,77.9,208.1,2,5
6.74,40.7,50.3,53.6,3,3
6.98,34.6,36,54.5,4,3
6.86,23.7,52.8,361.7,3,3
7.63,23.9,66.7,344.9,2,5
8.21,27.2,39.4,183.7,2,3
5.82,32.2,38,30.3,2,5
5.11,14.9,68.1,72.8,2,3
6.4,33.4,32.9,76.9,1,3
5.61,16.2,26.7,48.3,3,1
5.96,27.6,71.8,15.7,1,1
4.83,40.6,89.1,24.4,4,5
7.49,16.5,35.7,148.2,4,3
5.98,26.2,76.1,14.7,3,5
8.08,27.9,59.9,42.9,2,5
5.47,19.4,48.3,8,2,3
5.81,14.2,86.8,237.4,4,3
6.49,13,60.3,234.7,3,1
5.01,19.9,47.2,258.4,3,1
8.45,31.2,37.8,40.7,3,3
5.14,16.5,41.4,69.3,4,3
6.6,24.4,93.7,44.8,2,3
7.96,38.6,39.3,68.4,3,5
6.73,30,41,307.8,3,5
6.2,27.8,38.2,45.9,1,3
6.82,15.4,56.1,213,3,1
5.04,12.2,94.2,128.9,2,3
7.23,36.6,64.7,188.6,2,5
8.22,39.1,92.4,49.7,1,5
5.22,12.3,75.6,229.8,4,3
7.68,17.1,32.3,65.7,4,3
6.59,22.6,85.8,157,3,5
6.01,26.2,42.6,299,2,1
8.1,23.4,60.8,362.6,4,5
8.26,32,45.1,55.7,2,5
6.63,41.3,79.1,60.7,1,3
7.48,11.2,62.7,305,3,1
7.79,13.9,83.5,51,2,1
5.1,18,74.2,288,4,5
6.67,18.8,45.9,72.6,3,3
6.1,26.2,91,61.3,1,5
6.95,10.6,85.4,372.8,2,3
8.19,34.8,31.4,230.5,3,1
7.45,42.7,89.4,180.3,3,3
7.86,14.4,89.1,348,3,3
6.1,11.9,45.1,321.1,3,5
6.09,28.8,89,138.5,1,5
6.31,17.9,53.9,56.3,4,5
6.18,42,47.2,232.2,1,1
7.15,16.2,92.1,59.5,3,1
8.49,27.6,64.7,26.8,4,1
8.09,17.2,34.3,14.6,3,1
4.76,37.1,54,209.8,3,1
6.74,15.4,33.6,344.7,3,5
5.58,32.5,50.7,10.2,4,3
7.14,10.9,36.6,92.4,1,1
4.92,38,33.4,261.1,3,5
5.47,35.3,84.2,332.1,1,1
5.32,20.3,87.2,5.2,4,3
4.61,16.4,63.7,168.6,4,1
5.87,19.1,48.5,236.1,4,3
6.14,29.3,52.7,117.8,2,3
5.06,40.4,56.6,357.8,4,1
4.59,19.4,60.6,253.4,1,5
7.84,44.5,59.4,68.7,3,1
8.16,14.1,63.2,109.6,2,5
7.82,17.2,20.8,54.8,3,1
6.89,31,69.9,70.1,4,5
6.03,28.2,23.5,66.5,3,3
6.91,18.6,49.2,115.5,4,5
5.69,29.8,55.7,265.5,1,3
5.36,11.1,39.7,238,4,1
6.89,21.7,77.8,42.6,4,1
6.48,34.1,52.6,98.6,4,3
7.28,19.5,64.3,144.4,1,3
5.05,43.3,53.5,74.1,3,5
7.43,38.2,69.4,276.9,1,1
6.46,17.7,94.1,377.6,1,3
8.2,16.3,62.6,366.2,3,5
5.69,42.4,92.8,377.7,4,5
7.88,21.2,82.2,14.8,1,3
4.98,12.7,72.2,135.9,2,5
5.76,28.9,79.3,127.5,1,3
6.96,18.2,21.8,348,2,1
6.62,42.9,79.9,399.2,4,3
6.11,26.8,67.1,349.5,4,1
6.17,24.7,75.3,95.5,3,1
5.65,20.4,37.5,16.8,2,1
6.21,23.5,71,87.3,4,5
4.86,24.6,85.9,377.9,3,3
5.17,44.7,37.4,377.1,1,5
6.55,18.1,33.2,88.2,3,1
5.9,12,92.7,353.5,2,1
5.2,23.9,76.9,278.4,3,1
5.4,17.8,60.3,237.2,1,1
8.01,19.3,29.7,355.5,2,5
7.74,32.9,61.3,34.8,2,5
5.54,35.3,57.2,32.4,1,1
4.8,39.8,57.1,192.2,4,3
5.89,33.7,62.4,106.8,1,1
7.13,39.8,85,283.3,1,3
7.22,31.7,76.5,63.4,2,3
4.62,38.9,29.7,134,2,5
7.77,39.1,58.1,2.6,2,5
8.42,32.1,39.5,253.6,4,3
4.93,36.6,60.6,385.2,4,3
8.23,13.6,90.3,275.2,2,5
7.33,12.4,63.7,138.4,3,1
7.99,44.1,92.7,299.9,1,1
4.6,10.8,44.3,195.5,3,1
6.28,19.6,94.8,170.5,4,1
7.68,34.3,36.6,33,4,1
5.59,43.3,31.3,172.9,2,3
7.05,23.9,40.6,393.6,1,3
5.42,17.5,22.3,260.7,1,1
6.39,43.9,33.9,347.4,2,1
7.88,36.6,67,52.5,3,3
6.97,37.9,56.1,46.9,4,5
6.22,17,56.9,25.7,1,3
7.69,20.9,54.1,4.6,2,5
6.42,31,41.9,278,3,3
4.66,26.8,27.9,96.8,4,5
6.5,31.6,72.7,223.9,1,1
6.57,13.1,46.3,13.3,1,1
5.03,29.9,71.7,320.2,4,5
4.92,32.3,73,12.6,2,3
6.67,34.8,85.3,285.6,4,3
7.76,12.8,87.1,219,3,5
7.07,28.4,74.9,32.7,1,3
5.14,40.5,36.4,390.3,3,3
7.66,33.1,57.4,222.1,1,5
8.49,44.1,68.8,79.8,3,1
4.62,19,54.7,347.3,2,5
6.2,22.1,47.8,395.1,4,5
6.81,25.4,74.4,194.7,1,5
6.19,19.7,64.4,364.9,2,3
7.03,35.7,29.9,286.3,2,1
5.45,44,33.6,341.8,4,5
7.98,25.6,58.6,143.7,3,1
6.06,43.9,39.4,262.7,2,5
5.02,43.9,54,94.4,2,1
6.58,21.8,82.2,172.4,1,1
7.33,15.8,32.6,14.7,4,5
6.4,39.5,80.4,234.1,4,5
4.95,19.4,24.3,212.5,4,1
4.99,25.8,90,126.5,1,1
5.09,44.5,92.4,2,1,5
7.97,25.9,58.7,195.5,3,3
4.62,20.8,72.9,80.7,2,3
4.88,33.5,53.3,347.3,2,1
7.85,43.1,71.2,198.9,4,1
6.78,11.1,89.8,275.8,4,3
7.14,23.8,68.8,42.6,1,1
4.69,44.2,50.5,348.3,2,1
7.45,40.7,50.3,130.8,2,5
7.55,37.9,52.7,327.1,2,5
4.52,21.4,47.5,158.5,2,5
6.29,18.3,48,90.9,2,1
7.17,31.7,54.8,151.9,2,3
6.42,10.9,45.6,152.1,4,1
6.63,31.3,77.4,325.2,1,1
4.57,16.9,20.6,259,2,3
8.21,12.1,90.1,140.6,2,3
5.53,20,43,321.2,4,1
6.94,35.1,40.4,165.4,2,3
7.22,16.4,59.4,283.6,4,5
5.53,43.7,56.3,322.4,2,3
7.03,43.3,65.1,327.7,3,1
5.35,31.4,50.8,335.9,2,5
5.45,37.3,40.6,329,3,5
4.88,31.8,53.9,234.6,2,1
7.95,17.6,27.2,9.5,4,5
6.69,18.1,49.3,237.8,1,5
5.05,34.3,50.3,171.3,4,3
8.47,14.5,27.8,289.7,2,5
4.82,13,87.1,76.7,3,5
5.92,12.4,58.9,27,3,1
6.66,40.8,68.8,213.2,1,3
7.18,44.8,69.6,223.1,2,3
4.74,29.7,91.8,70.1,3,1
6.64,13.4,53.8,302.5,2,3
7.68,42.5,37.6,159.7,1,1
8.21,28.9,83.2,208.4,2,1
7.52,14.5,82,312.8,3,3
5.71,19.2,47,35.1,4,3
5.72,23.9,53.5,240.2,1,5
6.49,44.7,83.9,83.4,3,5
7.77,23.3,85.8,347.2,1,3
5.72,12.8,50.2,69.4,4,1
8.4,32.4,81.7,53,4,3
6.45,31.2,77.4,69.9,1,3
5.09,22.9,25.1,10.3,3,3
6.7,43.8,52.4,124.7,1,3
4.92,32.4,36.2,247.8,1,3
4.75,37.3,54.5,23.3,3,3
7.28,44.4,37.9,56.9,1,5
4.9,34.2,24.7,203.8,3,3
6.96,20.7,66.8,210.8,3,5
8.05,25.7,34.6,147.1,1,5
7.43,36.9,20.8,166.5,1,5
5.54,36.6,30.3,214.1,4,3
5.46,44.2,80.1,383.8,2,1
6.69,25.9,83.3,39.2,2,1
5.8,35.8,55.7,150.4,4,5
7.64,41.2,91.7,314.8,1,5
6.25,18.9,83.1,15.4,3,1
7.05,33.1,87.1,254.7,4,3
6.57,15.3,75.3,204.9,4,5
4.84,35.1,25.4,28.5,4,5
7.45,22.4,42.2,139.9,1,3
5.24,16.1,27.4,264.1,3,1
4.58,12.9,92.6,118.2,1,1
6.03,17.2,29.1,246,2,5
6.62,11.5,92.6,319.5,4,5
6.91,30.4,76.1,324.7,4,3
5.85,42.5,36.8,148.9,3,3
6.95,43,38.1,48.6,2,1
7.08,20,81.2,344.5,2,5
5.51,36.4,54.5,336.8,1,3
7.12,16.2,60.9,393.9,4,5
5.16,14.6,74.4,327.1,2,3
7.86,35.6,60.7,236.1,3,1
6.76,34.1,85.5,254.5,4,3
6.35,10.3,38.5,290.6,2,5
6.11,38,35.3,222,4,5
5.25,22.4,78.8,221.7,4,5
4.64,36.1,35.2,383.2,3,3
5.1,20.7,85.7,398.5,3,5
7.39,41,64.5,156.6,1,5
4.51,31.7,46.7,317.7,2,1
6.42,32.5,24.9,232,2,3
6.91,33.7,80.4,107.9,3,1
4.81,12,45.1,314,3,1
6.57,25.4,31.1,131.3,3,3
5.38,30.9,75.2,399.3,2,3
6.18,32.3,78.9,47.3,4,1
6.04,30,64.1,73.8,4,3
4.6,10.8,82.4,109.2,4,3
8.26,19.1,52.2,349.1,1,1
7.71,26,56.2,53.4,4,3
6.49,25.3,74.7,306.2,1,5
5.04,36.3,69.3,382.6,1,5
5.63,19.2,38.5,362.5,4,3
7.54,25.7,78.3,26.1,1,3
4.75,41.7,30.4,213,1,1
8.1,10.8,69.8,385.4,4,5
4.71,24.7,39.5,292.3,4,3
7.12,16.9,62.4,185.6,4,5
5.9,14,31.3,90.1,2,5
6.74,28.3,28.6,344.1,1,1
7.33,29,26.1,183.3,2,1
8.28,39.7,70.2,184.9,1,5
6.68,12.2,58.4,322.6,2,3
7.65,17,39.4,65.9,2,1
6.58,17.2,85.8,351.8,2,1
6.3,44.5,77.9,10.9,1,3
8.14,28.9,57.3,42.2,4,3
6.02,37.1,92.3,81.5,2,5
7.67,30.2,67.6,319.2,3,1
6.63,15.5,72.2,317.3,1,5
8.12,19.7,93.8,56.3,4,1
8.08,32.9,31.4,176.1,4,1
8.03,38.1,57.9,386.9,3,5
7.17,32.2,32.4,352.8,1,3
4.55,29.6,59.6,287.7,4,1
7.43,16.6,84.4,327.6,3,5
5.76,26.5,81.6,183.7,2,1
7.81,21.7,33,284.8,1,3
5.46,15,46.1,180.1,4,3
6.98,22.3,83.1,188.5,1,5
5.01,33.7,44.4,274.5,3,1
7.92,18,82.8,111.7,1,5
6.55,20.7,35.9,13.3,2,1
8.25,40.5,77.5,315.4,3,3
8.13,33.5,62,44.4,1,5
7.96,29.1,48.5,390.7,4,3
4.67,35.9,88.9,112,2,5
8.14,36.4,80.4,7.2,3,1
5.72,39,41.1,349.1,2,3
6.66,13.4,38.1,5,3,3
6.89,20.4,42.5,297.3,2,5
7.91,33.4,64.5,356.9,3,1
5.46,37.8,22.6,233.1,3,5
6.59,12.2,82.4,239.6,3,3
8.14,33.4,82.2,351.6,4,3
6.22,21.1,52.6,309.6,1,1
6.27,31.2,67.3,236.7,1,3
6.55,13.6,48.8,195.1,2,3
6.9,36,58,253.6,1,3
5.95,26.5,23.4,56,2,3
5.83,26.9,34.7,244.3,1,5
6.57,10.2,20.6,87.6,2,1
5.86,38.1,62.9,205.1,3,5
6.09,13,66.3,45.5,2,1
8,27.3,72.7,397.1,3,5
6.08,24.8,50.8,363,2,5
5.74,38.8,91.6,328.5,4,5
4.7,19,24.5,241.5,2,5
6.04,26,47.7,48.4,1,3
4.78,12.8,46.6,376.7,4,5
5.95,30.8,20.8,254.4,2,1
7.99,35.3,29,361,2,1
5.07,10.4,51.7,118,3,3
4.67,14.3,61.9,137.3,3,1
7.88,34.2,52.2,269.2,2,3
7.66,25.6,79.9,329,3,3
6.22,21.2,63.7,148.5,2,5
7.25,23.1,32.5,172.2,3,1
5.88,15.4,21.9,258.3,3,5
4.79,24.3,43.3,270.8,3,5
5.37,44.6,54.1,275.3,2,1
4.61,27.7,92.3,153.7,1,5
6.05,15.6,21.8,302.5,4,1
8.1,14.1,91.7,125.6,3,3
7.81,44.4,41.6,384.5,1,5
5.86,28.9,31.6,221.5,3,5
7.83,25.4,42.7,103.7,1,5
5.87,19.5,92.5,223.1,3,1
5.06,25.5,67,195.6,2,5
8.02,31.8,62.7,248.3,1,5
4.66,26.6,60.7,91.1,1,5
7.39,28.7,85.2,52.3,2,5
7.68,19.7,85.8,377.6,1,1
8.42,26.9,84.8,235.5,3,3
5.31,36.7,49,204.5,1,5
7.96,44.3,50.6,331,4,1
8.32,17,28.2,341.6,4,3
8.07,12.2,86.3,179.3,1,1
8.21,10.7,55.8,275.1,3,3
5.04,20.5,46.9,321.8,3,1
8.33,10.3,94.8,270.7,3,1
4.56,35.8,82.6,296.2,1,1
7.58,33,77.5,338.4,3,3
6.45,12.7,50.6,162.8,4,3
4.94,38.3,91.1,28.9,3,5
5.7,12.7,57.5,317.8,1,3
4.79,24.1,42.1,93,2,1
8.22,24.2,88,128.6,2,1
7.06,44.3,65.3,143.1,2,1
8.05,27.6,53.7,234.3,4,5
7.23,18.5,73.5,329,2,3
6.58,15,78.2,108.6,4,5
5.04,32,24.1,299.5,4,1
6.54,11.6,40.7,282.8,2,1
4.52,18.6,75.6,126.5,1,1
5.58,39.5,43.5,315.6,2,3
8.14,23.2,92.3,35.7,2,5
6.05,32.1,72.8,1.7,3,5
7.17,43.8,77.1,380.3,3,1
4.92,37.4,68.3,19.3,3,1
6.5,25.1,54.3,83.6,1,5
4.71,36.9,51.2,328.9,1,5
7.13,26.5,86,86.3,4,1
5.68,14.8,68.9,295.4,3,1
6.08,35,34.9,356.1,1,3
4.73,13.9,58.7,107,4,1
6.02,21.8,21.4,49.7,1,1
6.12,28.6,64.6,4,3,3
6.58,33.7,43.4,309.6,4,1
8.4,14.4,21.3,308.1,3,1
5.56,10.6,42,309.3,1,1
5.99,10,42.5,258.6,1,5
4.59,41.4,78.7,312.2,3,5
5.71,12.3,37.1,98.6,2,3
6.4,12,91.8,377.1,2,5
6.68,43.7,25.7,146.3,2,3
5.06,31.8,78.6,231.3,1,5
7.04,23.6,70.6,104,3,3
5.66,26.4,86.8,283.1,4,1
4.53,32.1,53.6,53.7,1,3
5.47,27.5,71,30.5,4,3
6.34,29.1,52.5,17.6,3,3
5.34,11.7,83.3,392.5,3,5
5.47,43.6,34.8,380.6,2,5
8.42,29.9,39.5,174.8,3,3
6.99,44.3,34.3,317,3,1
8.34,28.3,93.3,302.9,4,5
7.37,18.7,68,266.6,4,5
7.59,27.5,20.9,3.6,3,5
5.41,32.2,36.7,128.7,1,1
4.88,25,22.2,192.4,4,5
5.66,23.9,89,397.3,3,3
5.99,23.7,76.6,367.4,3,1
5.93,37.6,38.8,225.6,4,1
5.46,16.7,88.9,40.7,1,5
4.66,11.3,33.1,346.7,2,1
6.83,25.3,63.5,206.7,3,5
5.91,41.3,91,357,4,5
6.41,27.4,35.4,236.5,2,5
7.92,17.2,25.3,27.6,4,1
6.14,38.4,82.7,132.9,1,5
7.12,15.3,85.7,215.6,4,5
4.65,14.5,77.4,0,2,5
4.72,44.1,37,121.7,1,3
4.51,35.5,92.5,89.7,1,3
7.89,24.8,42.7,130.1,2,1
5.23,23,87.6,322.7,1,1
6.07,30.7,69.6,31.4,3,1
5.17,37.3,63.8,380.9,2,1
6.91,20.4,73.6,303.6,4,1
6.54,22.9,90,331,4,5
6.35,42.2,72.1,291.6,2,5
7.73,16.8,45.9,134.2,3,3
7.3,35.4,62.2,378.8,1,1
5.15,37.5,75.1,153.7,3,5
4.55,34.6,92.8,175.1,1,3
7.77,29.1,92.5,20.7,1,1
7.95,16.3,80,221.1,4,3
7.96,15.5,43.2,116,3,5
7.69,18.8,66.9,228.7,4,3
4.55,33.6,23.9,219.5,1,1
5.91,31.7,45.1,293.1,3,3
7.64,20,52.5,274.2,4,3
6,43.1,68.1,268.6,4,3
6.17,36.3,27.6,111.1,1,5
8.42,12.4,58.9,71.7,4,5
6.11,35.8,72.8,169.1,3,3
5.56,17.2,56.2,107.4,1,3
8.37,31.1,25.8,30.2,3,3
4.87,31,66.8,259.4,1,3
8.36,18.8,70.7,282.7,3,5
5.58,30.9,85,378.7,1,5
8.28,35.8,86.2,81.1,1,5
7.22,24.3,21.2,233.2,4,1
8.33,24,83,75.4,2,3
4.91,10.3,52.5,37.1,1,1
6.24,19.1,52.6,289.4,1,3
6.95,32.3,38.2,285.6,1,3
8.01,35.9,21,99.4,4,1
5.49,12.2,54.4,293.1,4,3
4.82,43.3,82.9,322,3,5
6.68,17,66.3,297.2,2,5
4.77,23,89.1,233.8,4,3
5.97,41.3,70,315,2,5
5.49,34.7,52.1,177,3,5
4.76,38.9,41.9,177.6,4,3
6.51,12,56.8,370.8,3,1
6.14,32.9,39.5,63.8,1,5
5.24,33.2,86.1,325.7,2,1
5.66,20.8,38.7,206,1,3
5.92,39,79.2,123.1,2,1
5.81,22.4,57.9,376.4,4,1
6.07,29.4,57.7,77.5,1,3
7.85,40.1,76.1,175.7,2,3
7.19,16.3,72,91.8,3,1
4.51,35.2,74.9,206,3,3
4.58,15.8,86.8,96.6,3,1
5.39,28.2,65.6,98.1,3,1
5.44,17.7,92,246.5,3,1
6.22,28.9,72.2,280.9,1,1
6.15,40.5,67.4,213,1,3
4.97,21.8,30.7,276.8,1,1
8.08,17.2,58.1,167.7,2,3
4.78,26.6,62.1,251.4,3,1
4.54,35.3,60.2,334.4,4,1
6.44,21.7,79.4,180.5,4,3
8.03,26.3,25.7,155.1,3,1
5.31,12.3,85.8,155.8,2,1
4.77,32.7,25.6,150.2,2,5
8.49,29.6,44.1,88,2,3
4.77,22.9,54.8,289.1,2,5
4.53,17.6,69.6,193.6,1,5
7.59,29.2,25,306.6,4,5
7.51,38.1,58.9,56.1,2,5
7.47,15.9,34.6,356.2,1,3
7.53,30.9,69.1,355.7,2,5
5.13,26.6,73.7,108.4,3,3
5.47,17.5,51.9,363.1,3,3
4.81,34.4,48.7,328.7,2,5
5.59,34.2,39.8,375.6,4,3
5.58,16.7,72.1,87.5,1,1
7.15,38.5,78.4,304.3,4,5
7.3,22.9,52.4,12.5,3,5
8.02,18.5,61.8,15.6,2,1
8.09,41.1,44.4,360.4,3,1
7.88,18.7,63.3,26.9,1,3
5.81,36.2,80.5,343.2,2,3
4.66,24.4,29.8,9,1,1
6.76,20.9,69.1,92.8,4,1
6.99,36.7,22.9,334.8,2,1
7,40.3,64,232.4,2,3
6.27,34.8,49.2,91.6,4,1
8.22,22,59.6,84.7,3,3
7.1,38.2,73.6,237.3,2,5
7.2,33.7,48,376.7,1,3
7.26,34.4,68.6,110.1,2,1
6.9,16.3,72.9,182.1,4,1
5.18,10.7,78.4,243.9,3,1
7.71,43.6,60.2,195.4,2,3
6.79,19.7,89.1,233.3,3,5
4.71,11.1,51.8,33.8,4,1
8.03,33.1,35.8,345.2,2,1
7.45,20,80.2,398.9,1,1
6.99,44.1,54.9,339,1,5
4.77,44.1,81.3,341,1,5
6.04,12.5,35.8,91.7,2,5
4.9,15.9,31,389.2,4,3
6.26,19.7,79.9,130.5,2,3
5.02,19,46.6,269.6,2,3
7.74,15.1,45.7,345.9,4,5
6.44,20.6,62.3,321.5,3,1
6.52,15,66.8,109.5,2,5
6.34,20.7,81.7,22.8,3,3
7.4,30.1,70,310.8,3,3
6.65,39.4,94.2,355.8,1,1
6.46,36,56.9,193.3,4,5
7.94,24.2,44.6,181.6,4,3
5.29,43.3,33.2,227.1,1,1
7.08,18,61.4,148.9,2,5
6.78,16.5,40.9,87.5,3,1
5.64,42.4,92.7,228.5,1,5
7.69,22.9,26.5,222.7,1,5
5.2,33.5,36.5,87.3,2,3
5.55,10,85.3,317,4,1
5.11,26,46.3,37.5,3,5
4.66,20.2,35.6,95.3,1,3
6.37,36.6,31.6,194.9,3,5
8.5,36.9,49.8,331,2,1
5.32,21.9,58.3,246.1,1,1
6.51,11.8,22.6,220.5,2,1
5.14,10.9,53.7,95,2,3
4.95,31.3,41.1,69.4,1,1
6.07,36.3,29.4,309.1,2,5
6.76,42.5,49,26.5,2,5
6.6,37.1,37.6,138,4,5
7.17,42.7,39.9,244.6,1,1
7.89,43.2,86.4,295.6,2,3
8.35,10.4,73.7,282.5,3,5
5.75,21.9,25.9,177.1,1,1
7.84,42.7,33.9,149,4,5
4.87,15.7,64.6,60.2,1,3
6.51,18.6,55.3,264.8,4,3
6.81,41.7,81.3,302.8,2,5
5.35,33.2,50.8,161,2,3
8.14,21,71.8,108.7,4,5
5.87,25,82.3,48,2,3
5.65,27.2,42.5,238.4,1,5
4.97,29.1,87.7,137.6,4,3
8.23,38.7,62.5,262.8,1,1
5.81,10.4,82,320.4,1,3
6.36,14.2,93.5,85.9,1,3
7.46,11.1,69.4,212.9,1,3
6.77,20.4,90.4,327.5,2,3
8.38,25.1,46.1,20.1,3,3
6.33,17.9,66,101.1,1,1
7.79,38.7,55.8,140.3,2,5
5.81,17.3,26.4,186.7,4,3
5.38,23.3,80.6,329.4,4,5
5.71,42.6,28.9,373.5,3,5
4.63,26.6,50.6,64.5,3,1
6.75,35,25.1,167.1,3,1
8.25,33.2,25.8,141.9,4,3
7.83,38.5,65.9,149.4,3,1
5.92,24.5,70.7,263.3,3,3
5.23,15.5,82,16.8,4,1
8.02,29.5,37.4,201,1,3
5.38,41,90.1,366.6,3,3
6.11,36.3,59.8,271,2,1
7.8,15.1,82.5,216.1,4,5
6.02,42,38.8,337.7,4,1
5.73,30.1,44.4,15.7,4,3
8.41,43.8,49.6,291.3,4,1
7.72,43.1,50,313.3,2,5
4.6,31.1,69.5,275.2,2,3
5.22,31.8,36.7,122.9,1,3
5.14,16,51.4,302.9,1,5
6.07,13.5,21.2,264.7,3,1
5.44,10.8,82.6,389.9,4,3
7.97,42.4,51.5,20.2,4,1
6.07,11,63.7,4.5,4,5
4.66,30.6,49.8,389.5,1,3
7.34,19.5,87.8,149.9,2,5
6.2,39.1,80.4,89.7,1,3
8.22,13.3,53.8,135,1,5
5.34,36.3,23.8,197,3,5
6.08,28.5,32.1,228.8,2,5
5.12,15.2,40.1,144.4,4,5
4.73,11.2,49.4,278.9,4,5
5.54,41,87.2,118.9,4,3
5.46,33.5,82,269.2,2,5
5.13,35.8,47,268.5,4,5
8.47,15.5,94.1,390.9,3,5
6.81,40.3,41.7,187.1,1,1
6.21,21.6,62.3,340.2,2,1
7.26,38.8,61.7,311.8,4,3
4.66,41.1,94.4,117.6,2,3
5.51,40.3,27.7,50.4,4,5
7.89,21.4,70.7,237.7,2,3
6.8,25,40.7,307.4,4,3
5.43,31.9,76,87.5,4,5
6.92,39.7,23.4,293.7,1,3
8.22,21.6,54.9,5.5,2,5
4.61,32.1,52,219.3,4,5
7.16,43.8,23.8,356.2,3,5
6.5,12.4,26.7,240.4,4,3
6.13,15,73.6,117.3,4,1
8.1,37.7,70.7,271.9,3,1
4.5,19.5,36.3,264.7,4,3
4.56,35.5,44.3,266,1,1
5.04,13.3,82.4,367.4,4,1
6.11,35.5,78.5,47.3,2,5
5.93,18.9,21,216.1,4,1
6.76,28,26.4,219.5,4,3
6.05,18.4,27.1,126,1,3
8.45,25.5,59.9,349.4,3,3
7.75,21.4,42.9,161.1,4,5
5.76,14.7,67.4,51.3,1,5
7.3,36.4,85.5,200,1,5
5.25,10.9,41.3,177.2,1,3
5.28,14.4,92.3,43.2,3,5
6.67,13,24.3,42.2,1,5
5.43,32.3,81.5,16.6,4,5
5.51,20.8,66,359.2,3,5
7.42,22.8,68.1,186.5,1,5
6.73,22.6,88.4,8.4,2,5
7.57,34.6,44.9,270.3,1,5
6.32,24.4,90.1,100.4,3,3
8.38,23.2,24.7,135.7,3,1
7.13,44.9,53.9,141.9,4,3
8.03,24.5,49,263.9,1,5
4.75,38.5,90.5,259.5,3,1
6.41,31.1,63.6,160.6,4,5
6.07,15.7,75.1,83.5,4,1
6.88,40.5,63.3,138.2,4,3
4.82,29.8,88.1,158.5,4,5
5.11,25.1,64.7,32.2,3,1
6.85,39,26,190.7,1,3
7.63,19.7,90.6,49.7,4,1
5.21,35.3,23,162.2,2,5
8.24,33.5,56.1,323.9,3,3
8.43,13,81.1,112.1,1,3
7.08,23.3,24.1,239.8,2,1
5.37,25.5,23.6,328.2,3,5
5.91,38,61.6,330.4,3,3
6.89,24.5,91.8,216.4,2,1
7,30,33.9,23.8,4,1
6.59,17.9,70,32,4,1
5.24,17.1,49,20.5,4,1
6.43,23.4,82.9,58.1,2,1
4.78,30.1,62.5,351.2,2,5
4.69,13.4,23.3,74.1,4,5
4.68,43.1,83.2,118.6,3,3
5.01,14.3,58.9,98.3,4,3
7.24,43.2,30.7,152.9,1,5
4.52,33.5,68.1,164.3,2,5
4.6,21.7,33.3,39.4,4,1
7.41,21,49.5,94.8,1,5
7.69,33.7,61,190,1,1
5.62,22.2,78.7,397,1,5
7.82,17.9,49.9,163.9,2,5
7.7,21.7,74.8,168,3,5
7.72,40.3,24.5,276.8,4,1
6.69,24.1,59,398.6,1,3
6.08,14.7,31.9,379.7,3,5
8.47,17.3,46.7,267.7,4,5
5.93,30.8,63.2,64.6,3,1
6.78,17.4,75.7,10.1,4,1
6.76,19.1,72.1,227,4,5
6.94,27.1,30,104.5,4,5
6.55,20.1,20.5,198.5,2,5
4.6,30.5,90.6,69.8,3,1
7,29.3,50.6,208.6,4,1
4.59,40.2,63.3,356.3,1,3
6.22,36.2,88.5,228.8,3,1
5.29,18.6,43,222.1,2,1
6.96,12.9,26.6,68.7,2,5
5.63,24,80.9,5.5,3,3
7.69,42.6,21.5,61.5,2,5
6.76,33.2,70.9,372.7,1,3
5.65,40.8,23.7,92.4,4,1
5.38,14.8,84.4,200,3,3
7.53,36.6,43.4,164.3,2,3
7.08,42.7,42.8,312.8,1,3
8.36,23.8,29.8,268.7,2,5
5.33,27.7,43.4,171,4,5
5.43,24.2,40.2,79.5,2,5
5.98,36.3,87.3,338.4,2,3
6.01,21.9,24.7,194.5,1,3
5.77,38.3,85.7,121,4,5
7.56,15.1,71.8,378,2,5
6.5,32.6,58.3,48,3,3
7.95,14.8,91.4,131.5,2,5
7.75,43.1,43.5,343.4,3,1
7.47,33.7,38.9,349.2,1,3
7.37,26.6,83.7,153.4,1,3
6.7,16.6,74,204.4,3,1
7.81,39,73.2,42.2,1,5
7.29,22.7,85.9,290.1,1,1
8.05,11.7,92.1,271.7,3,5
5.5,43,42.4,310.2,3,3
4.54,29,93.2,147.7,3,3
6.58,25.4,86,202.2,4,1
8.43,18.7,25.5,265.3,3,1
6.19,37.5,34.7,328.1,3,3
6.33,19,76.4,205.1,1,1
8.48,25.2,89.1,138,1,3
6.17,17.7,20,366,1,1
5.17,14.2,25.1,289.6,2,1
4.98,27.9,46.2,149.9,1,3
4.94,11.2,94.6,93.1,4,5
4.66,23.7,80.2,136.5,2,3
6.54,40.2,85,4,2,3
8.46,26.9,94,301.8,1,1
8.47,40,27.3,282.5,1,1
6.11,18.2,81.4,134.9,2,3
5.73,18.4,37.5,27.3,2,5
5.67,24.6,48.3,350.4,2,3
5.82,13.7,91.5,24.1,1,3
5.78,15.8,78.7,49,1,1
4.78,41.8,34.3,328.5,1,3
8.32,18.6,84.5,67.5,1,5
6.55,36.9,90.1,363.7,1,1
5.3,19.9,41.7,150.8,4,5
5.14,34.2,32.6,124.1,1,5
7.46,32.6,31.7,218.8,1,5
6.15,11.4,40.5,382.3,4,1
4.67,16.3,49.4,379.1,2,3
4.93,44.3,48.6,310.1,1,3
5.27,15.1,90.4,367.1,3,5
7.73,12.4,45.1,125.5,4,5
5.09,30.9,81.1,152.8,3,5
5.45,20.5,68.2,240.4,2,5
7.8,17.1,55.2,320.4,3,3
8.03,22,71.3,10.1,1,1
4.72,31.3,38.1,154.7,4,3
5.69,13.1,88.3,2.4,2,5
5.73,42.4,32.1,386.3,4,1
6.69,41,61.5,213.8,4,3
8.17,21.5,47.9,303.9,3,1
7.45,30.9,86.1,19.8,2,5
5.41,36,88.9,169.5,4,5
6.28,27.1,46.4,363.8,2,5
7.75,22,52.5,339.4,2,5
8.26,31.8,75.6,322,1,5
4.71,24.1,70.5,180.1,3,5
7.04,16.5,76.2,218.3,4,1
7.49,26.9,36.2,386.9,2,3
6.21,26.6,87.3,210,1,5
6.29,14.3,35.4,0.4,2,5
5.47,33.2,82.9,220.3,3,3
6.9,35.6,77.7,390.2,2,1
7.09,12.4,87.3,47.8,4,1
6.89,23.8,55.5,341.8,2,5
4.85,37.2,83.6,72.7,1,3
7.33,28.7,67.6,78.6,3,5
5.79,29.6,84.3,266.8,2,3
7.38,42.6,59.6,103.6,3,3
4.99,20.6,59.9,225.8,3,1
6.02,31.6,92.7,291.1,2,1
6.87,16.7,70,249.4,3,1
6.61,21.7,58.9,79,4,1
4.84,25.3,69.4,175.1,3,3
5.89,42.7,89.2,200.9,4,1
4.65,26.6,45.2,368.2,1,1
7.46,27,26.4,389,2,3
5.45,26.9,52.2,30,3,1
5.46,16.8,57.9,307.5,1,1
4.98,11.3,24,333.7,4,5
6.25,39.5,39.7,168.7,2,3
6.81,30,44.9,126.2,4,5
4.9,36.8,92.5,388,4,3
7.3,20,67.3,182.3,4,1
5.63,21.1,89.3,22.5,2,3
6.94,29.1,38.7,137.3,2,5
6.56,13.5,21.2,385.5,4,5
4.82,33.9,89.9,230.3,3,3
7.57,24.2,86,259.5,4,3
5.03,20.8,35.1,363.5,1,3
5.7,16.4,76.7,189.7,3,3
4.66,21.4,55.1,59.2,2,3
5.02,17.1,77.7,170.2,2,1
4.64,25.6,81.2,354.1,2,1
8.15,23.6,82.2,53.5,1,5
8.27,33.7,47.3,375.3,2,5
7.3,36.8,89.7,81.9,4,1
4.76,23.6,41.2,121.8,2,3
7.37,44.2,48.3,320.7,4,5
5.22,43.2,36.4,130.5,1,1
6.93,25.6,75.7,91.3,3,1
6.4,15.9,46.6,160,3,5
8.04,15.3,64.8,265.9,4,5
6.14,27.7,20.6,276.7,2,3
5.97,44.3,51.6,200.8,4,3
6.83,37.9,84.8,182.8,1,3
8.37,34.4,26.2,345.2,2,3
6.7,24.6,85.8,81.6,3,5
4.72,44,58.4,116.4,3,1
5.72,16.7,29.7,119.1,3,3
5.41,15.8,45,376,4,3
6.44,16.3,86.8,184.1,1,1
4.7,13.4,74,112.7,1,1
4.59,37.1,30.1,187.1,4,3
4.61,37.4,20.8,304.8,4,3
6.64,26.7,49.2,355,1,5
6.96,42.4,92.2,203.6,3,5
8.34,15,63.5,113,4,3
8.5,11.9,63.4,33,3,5
6.54,19.1,43.7,34.8,2,5
8.28,21.7,62.8,363.8,1,3
8.29,13.2,32.1,384.3,4,1
5.53,25.7,72,293.3,3,5
6.65,28.7,50.4,67.7,4,3
6.49,31.1,37,217.5,2,1
8.46,31.4,47.8,308.9,3,1
5.89,25.1,78.6,193.7,1,1
5.87,38.3,37.9,89.8,2,1
4.54,32.7,58.3,178.2,4,5
7.95,14.9,62.7,347.2,4,3
5.99,13.2,54.3,157.8,3,3
8.37,43.5,38.6,139.2,3,1
6.27,21.2,59.5,275.1,4,1
4.71,11.7,49,141.4,4,3
5.78,16.7,43.2,390,2,5
6.81,44.4,38.1,272.5,3,3
4.85,33.7,24.8,238.5,3,1
7.87,11.1,83.3,184.1,1,3
8.31,12.5,34.9,139.1,1,3
5,20.1,37.9,85.4,2,5
5.37,22.8,49.3,390.6,4,3
5.47,12.4,43.8,106.7,3,3
7.93,39.6,47,274.9,3,5
7.31,10.3,50.7,131.8,3,1
5.72,38.4,42,178.5,2,1
8.45,17.9,69.7,243.9,4,5
7.51,29.9,40.6,189.8,4,1
8.06,29.9,67.4,207.5,2,1
6.47,20.9,33.6,201.7,3,1
6.36,14.7,89.6,347.1,1,1
7.6,38.3,77.6,45.6,2,5
6.81,32.6,54.4,211.5,2,3
4.83,25.2,41.9,218.2,2,1
7.68,15.7,27.8,58.2,3,1
6.37,13.7,68.7,347.2,4,1
4.8,13.9,23.7,103,3,3
6.04,43,65.8,334,2,1
7.44,19.6,67.9,136.4,2,1
5.62,42.6,21.8,278.7,4,1
8.4,44.1,24.9,328.7,2,1
5.01,32.8,93.7,364.7,2,3
5.95,38.9,72.6,183.7,2,1
6.38,42.5,68.1,124.7,3,5
8.39,22.6,55.8,142.1,2,3
7.36,19.4,43.7,50.1,1,1
6.89,40.4,86.8,179.6,1,5
7.18,38.7,38.3,168.5,3,1
5.47,29.3,34.4,40.8,4,3
7.54,11.7,83.3,175.2,4,1
4.87,36.5,63.7,74.6,3,5
4.73,30.6,83,7,2,5
7.78,21.4,46.2,238.5,2,5
7.44,31.9,63.6,296.7,2,1
5.91,14.4,29.7,270.5,2,1
7.01,16.4,27.9,325.1,2,5
7.63,34.6,82.6,22.5,4,3
5.64,32.4,43.6,383.2,2,5
5.17,34.9,33.2,94.2,3,5
5.35,15,76.9,200.2,2,3
7.08,18.2,31.8,273.4,3,3
5.74,25.7,50.4,393.6,3,3
5.92,29.8,38.9,366.1,4,1
4.91,33,88,67.5,1,5
8.28,33.7,42.6,75.3,1,1
5.08,13.7,51.7,318.2,3,1
7.07,16.9,27.3,66.7,1,3
5.92,33,60.3,270.8,4,1
5.56,11.4,54.2,356.4,2,1
8.47,15.7,71.9,269.7,1,5
7.25,18.5,79.9,42.8,3,3
6.03,32.1,52.3,175.1,4,5
8.24,42.9,33.1,349.9,4,5
4.77,19.4,88.4,253.3,3,5
7.38,11,48.1,250.7,4,5
5.44,32.8,50.4,238.4,1,3
8.14,19.4,81.5,399.7,2,3
7.15,43.8,88.7,201.2,2,5
8.41,43.8,32.3,119.8,1,5
7.76,23.2,26.6,136.9,2,5
6.16,15.8,94,328.3,2,1
4.73,14.2,63.6,371.5,1,1
6.28,34.8,74.9,69.6,2,3
4.78,22.7,60.1,398.5,4,3
6.23,37.9,64.7,354.6,1,1
7.02,24.6,30.8,37.4,2,1
5.45,17.4,75.2,128,3,3
8.34,39.8,84.8,162.7,1,1
4.53,10.7,64,182.2,4,3
6.19,35.1,53.2,292.9,3,5
6.85,17.4,37.8,251.2,3,5
5.53,40.3,70.2,179.2,3,5
7.01,22.6,94.7,192.1,1,5
8.17,38,53.8,287.5,1,3
5.27,26.2,38.4,365.9,1,5
6.63,32.1,60.7,51.8,1,1
6.99,25.6,78.3,88.2,1,3
8.21,34.9,51.4,206.9,2,3
7.17,20,63.9,43.8,3,1
7.09,18.6,73.8,310.7,3,1
8.07,12.8,44.8,99.3,2,1
7.43,34,35.9,95.6,4,3
5.44,10.7,86,386.2,4,5
4.53,33.8,81.9,58.6,4,1
6.97,11.6,66.7,123.6,1,1
7.74,24,91,162.6,3,5
8.09,41.8,26.6,374.6,3,5
5.3,38.2,83.8,115.7,2,1
5.1,28.8,63.2,258.1,3,1
4.68,15,21.1,226.7,4,1
7.79,10.5,60.7,183.8,3,5
7.24,27.6,77.4,194.1,3,5
5.19,40.5,66,62.9,1,5
4.79,31.9,39,321.5,2,1
6.51,25.9,76.5,53,1,3
4.86,24.6,84,342.5,3,5
5.55,40.6,29.7,288,1,5
5.92,37.6,37.5,255.7,4,3
7.99,14.4,85,237.4,1,3
5.14,34.5,76.9,42.3,3,5
8.24,28,91.3,214.3,4,5
6.47,26.5,56.8,338.7,4,3
5.83,27.2,63,95.3,1,3
5.84,13.7,37.9,379.7,4,5
6.34,20.7,22.6,129.3,2,1
5.93,25.7,92.4,150.9,1,3
6.33,36.6,35.4,283.7,4,3
7.6,21.9,62.3,82,3,5
7.91,16.9,85.6,141,2,3
8.12,14.4,33.4,197.2,1,1
8.28,44.2,48.2,369.3,2,5
7.31,33.1,94.2,106,4,3
4.95,10.1,95,320.9,4,3
5.7,15.3,41.4,150.4,2,5
4.81,10.6,27.7,164.2,3,3
7.71,26.3,47.1,43.4,2,3
5.17,27.9,56.6,250,2,3
6.66,11.8,24.7,74.9,2,1
7.39,14.8,82.7,61.9,4,5
5.99,18.9,56.7,163,2,3
5.07,11.8,66.9,21.8,3,3
6.61,29.7,32.8,79.1,2,3
5.34,14.1,92.8,8.8,4,5
5.69,14.7,30.9,279,2,5
8.25,34.2,31.7,97.4,4,1
4.79,34.6,50.2,368,3,3
8.29,19,45.3,160.9,4,1
4.99,24,46.3,309.1,1,1
5.97,23.1,31.4,319.4,2,1
5.97,13.7,67.1,48.5,4,5
6.06,30.2,88.4,221.6,3,3
7.87,32.5,68.8,346.7,3,5
4.88,29,75.5,302.8,1,3
7.69,35.2,26.5,185.5,4,5
4.57,24,61.2,247.8,4,3
5.36,14.2,83.9,62.6,3,3
6.5,44.3,27.3,121.2,4,5
8.21,12.3,61.2,236.3,3,1
5.96,39.5,34.6,330.7,1,5
7.35,17.3,62.7,347.1,3,5
6.31,15,49.2,380.7,2,5
8.03,22.3,26.2,289.8,4,1
6.27,27,78.3,152.9,3,3
5.97,28.4,80.7,144.7,1,1
5.58,19.7,90,289.4,2,3
4.62,31.6,58.2,218.3,2,5
5.27,43.3,50.7,186.7,3,5
7.37,28.8,58.2,97.2,1,3
5.26,26.1,41.5,99,3,5
7.8,24.6,25.5,109.5,3,5
7.34,10.3,58.9,15,3,5
8.37,28.9,54.4,378,4,5
6.36,18.4,55.2,182.2,4,1
5.16,27.6,82.3,265.6,1,3
8.15,17.3,23,296.5,2,5
8.06,31,59.8,11.1,3,3
7.01,29.5,75.7,111.9,2,1
6.15,36.3,72,396.3,1,5
5.82,25.4,84.3,273.7,2,3
7.99,12.1,86.6,131.6,1,5
8.26,11.7,46.4,342.6,3,5
6.2,23.5,88.7,304.8,1,1
6.36,12,39.7,174.4,4,3
7.57,19.4,64.3,288.6,1,1
6.56,37.1,62.2,221.1,1,5
6.62,19.4,21.6,289.1,2,3
6.66,43.9,56.3,25.4,3,5
8.49,25.1,44,362.7,4,5
6.12,11.4,46,106.1,2,1
5.57,38.4,24.2,215.2,3,1
7.57,33,81.8,259,1,1
8.2,28.1,28.8,211.3,2,5
6.43,31.8,20.8,77.9,3,3
6.03,24.9,73.6,241.5,2,5
5.37,43.8,29.8,148.7,3,5
7.62,17,26,189.8,1,3
7.73,37,88.6,341.8,1,5
7.63,39.6,79.9,203.4,4,5
7.41,44.3,31.7,90.3,4,1
5.25,12.3,94.9,9.9,1,3
7.87,29.4,87.6,370.5,4,5
5.5,33.4,86.6,184,1,5
7.72,43.9,40.1,197.9,3,5
6.51,15.1,53.2,133.6,3,1
4.53,36.6,73.5,146.5,3,5
8.32,18.4,44.3,73.5,3,1
5.92,34.4,62,154.6,4,3
4.52,12.7,86.1,31.2,4,3
5.58,23,62.7,352.7,3,5
4.85,33.4,50.8,188.3,3,5
7.66,25.9,42.6,153.6,4,5
5.59,14.1,38.9,368.3,3,5
6.89,22.8,80.5,209.3,2,1
6.65,42.8,43.1,347.8,2,3
4.65,13.6,74.6,79.9,3,5
7.4,14,50.5,194,1,3
5.19,38.3,72,222.3,4,3
5.05,33.3,59.4,255.7,1,3
6.85,13,53.7,302.5,2,5
8.08,19.4,50.8,359.4,3,1
7.94,13.1,84.9,128.2,3,1
6.17,18.8,44,54,3,5
6.27,22.1,76,357.4,3,1
7.48,15.3,29.8,138.3,1,5
4.75,14.6,84.4,253.5,4,5
6.61,32.9,37.5,345.8,4,3
4.56,23,46.4,217.4,2,5
5.37,33.7,80.2,224.8,4,5
5.92,38.3,42.1,228.5,2,1
5.71,26.1,81.3,372,3,3
8.11,13.4,37.4,283.6,2,5
6.16,13.1,52.8,92.3,1,3
4.8,39,52.1,238.4,2,1
4.86,43.7,80.5,183.9,3,3
5.88,15.6,62.2,377.5,4,5
8.25,16,28.5,228.1,4,3
8.48,33.8,25.6,397.1,2,1
6.73,20.7,26.5,0.6,2,1
6.79,45,41.5,112.2,1,5
5.64,37.7,87.9,390,1,1
5.81,13.9,85.3,254.4,3,5
5.65,35.8,54,395.7,4,5
6.43,27.6,43.7,291.7,2,5
7.72,39.8,61.3,330.4,3,1
5.77,26.4,41.4,384.6,4,1
6.61,12,28.3,87.8,4,3
7.7,35.9,52,133.5,1,1
4.71,10.4,79.7,190.9,2,5
8.23,40.1,73.2,192.9,2,5
8.36,17.5,80.8,78.9,4,3
6.12,42.6,26.7,204.6,2,1
5.13,22.8,66.4,63.8,4,3
5.17,14.2,26.4,363.8,2,1
6.3,31,25.4,90.7,3,1
7.63,10.7,44.5,251.2,4,3
7.04,12.5,88.2,383.1,4,1
5.71,23.7,33.5,231.2,2,5
4.83,31.7,45.5,342.4,2,3
5.26,36.9,39.9,306.9,4,3
6.36,43,89.9,82.7,3,1
6.54,26.1,87.6,372,4,5
8.08,38.2,20.3,128,3,5
5.3,11.3,68.3,105,1,3
7.71,39.8,56.2,166.4,2,5
5.36,20.2,33,151.7,1,5
6.15,42.7,23.6,84.1,4,3
4.66,24.1,68.7,279.2,2,5
4.87,24.9,29.7,379,1,5
7.57,27.4,43.3,324.8,1,3
4.69,29.8,77.2,54.6,3,5
4.58,36.3,55.5,178.7,2,3
5.94,28.9,70.8,281.1,3,3
6.1,43.4,68.2,119.3,4,3
5.95,33.1,55.3,79.6,2,1
6.15,29.1,52.7,299.5,2,1
4.66,16.8,60.2,373.9,4,3
5.71,25,55.3,62.9,4,3
5.46,18.4,26.3,371.4,4,1
8.15,22.1,66.6,15.5,2,5
7.57,22.3,48.3,213.4,2,3
5.33,18.8,80.4,111.9,1,1
7.96,18.4,25.9,142.6,2,5
7.77,43.6,79.4,241.5,4,5
8.44,23.4,31.4,266.7,2,5
6.85,25.6,82.7,106,4,5
7.15,37.4,49.6,258.4,4,1
6.03,35.5,21.5,82.1,1,3
6.61,42.5,56.3,196.2,2,3
5.49,41.5,88.3,377.3,4,5
7.61,14.6,65.1,13.7,4,1
5.23,22.8,52.4,249.3,1,3
5.23,30.1,67.8,222.7,3,1
7.56,25.1,56.3,259.2,3,5
6.97,20.8,26.4,36.4,4,1
5.01,22.5,64.4,334.2,1,5
8.06,10.3,35.1,383.6,1,5
4.77,11,38.4,352.6,2,1
8.17,24.3,34.3,206.8,4,1
4.76,34.2,62.9,363,1,5
8.02,24.4,56.1,28.2,1,5
8.28,19.9,54.6,268.5,4,3
7.45,40.3,67,267.6,4,1
5.03,37.1,39.9,373.4,3,5
5.38,25.5,66.3,308,4,1
8.06,19.5,81.7,207.3,2,1
6.82,35.5,50.8,251.7,3,1
4.71,40.1,54.4,105,4,3
8.05,23.2,76.2,38.7,3,1
7.58,17.4,57.6,93.4,2,3
7.58,18,89.2,237,2,5
6.92,29.6,56.5,202,3,3
6.67,14.6,77.5,373,4,1
5.04,28.1,28.4,373.6,4,1
6.13,23.4,79.6,182.5,1,1
6.54,15.2,65.9,226.3,1,3
8.15,43.1,38.4,52.6,1,3
8.39,40.1,28.3,379,3,5
6.27,11.6,60.8,135.4,3,3
7.98,33.2,52.6,327.8,2,3
6.63,20,23.5,267.4,2,3
7.75,39.9,88.6,106.1,4,1
6.71,11.8,23.3,288.1,4,1
5.26,33.4,20,322.4,2,1
6.04,27,46.6,128.3,4,3
4.59,25.1,85.6,120.6,3,5
6.92,30,24,56.2,2,1
6.52,29.1,41.3,379.4,3,5
4.81,13.7,57,64.3,3,1
6.45,22.7,68,51.6,4,1
8.05,11.4,88.5,333.2,2,1
4.62,43.8,59.5,121.3,3,1
8.46,11.4,69.1,177.1,1,5
6.63,26.9,72.7,27.2,2,3
7.45,16.6,63,86.1,1,5
6.57,22.3,37.6,19.9,2,5
6.63,43,49.7,277.5,4,1
5.57,25.9,55.3,282.7,2,3
4.67,27.4,60.8,67.4,4,5
8.28,16.9,85.7,281.8,2,5
7.9,26.8,48,197.3,3,1
8.1,33.6,67.5,39.8,1,5
4.81,28.5,50.2,235.5,1,5
5.2,44.5,62.1,275,4,1
8.4,20,51.8,259.9,4,5
6.65,19.7,24.6,65,4,1
5.5,12.3,71.8,229,1,1
5.37,33.4,92.8,70.3,1,5
6.29,18.9,81.9,194.1,2,1
5.23,13,73.6,78.5,3,5
6.16,26.4,47.6,40.2,1,1
7.16,20,54.5,77.4,4,1
8.09,17.4,37.1,111.8,3,5
4.8,14.7,68.4,135.9,2,5
5.52,32.8,28.7,214.6,4,1
6.92,40.5,94.9,243.1,2,1
5.53,26.8,47.5,365.5,1,5
6.03,39.3,68.8,245.7,4,1
4.65,40.5,58.5,159.3,3,1
4.55,40.5,53.5,137.2,2,1
6.49,24.1,70.9,168.4,4,3
7.73,13.8,49.8,134.7,2,1
4.81,12.5,83.8,85.1,1,1
7.83,14.4,29.7,222.7,4,5
5.81,31.2,89.8,334.8,1,1
4.95,31.3,81.5,114.1,1,1
4.73,22.9,57.9,224.1,4,5
6.95,30.5,61.1,256.2,1,3
4.98,17.9,57.5,336.2,3,3
5.9,24.2,49.5,76.7,4,1
8.46,15.8,23.5,311.8,3,1
7.32,43.1,50.7,264.8,2,1
6.3,16.6,58.1,211.4,1,5
7.16,14,74,200.1,2,3
4.72,38.7,22.8,146.9,2,5
7.49,10.3,32.6,232.3,3,5
7.32,33.5,49.6,0.5,1,5
7.2,24.6,74.8,208.7,3,3
7.86,35.4,87.1,47,2,5
4.55,44.9,41.1,267.2,1,3
8.12,21.2,70.3,75.2,2,3
5.34,21,33.4,360.8,3,1
6.29,21.2,75.8,388.5,1,5
6.76,15.5,71.8,205.4,4,3
6.26,41.5,76.3,195.4,4,1
8.43,33.4,23.3,130.6,3,5
4.6,25.8,45,175.3,3,5
7.26,28,35,127.8,2,1
5.09,12.6,80.9,301,1,1
7.18,26.7,68.2,15.3,1,1
6.5,22.5,40.8,257.1,2,3
5.87,36.9,62.1,353.1,2,1
6.81,36.2,92.4,29.4,1,1
6.62,31.5,56.2,37.5,2,5
5.75,20.7,82.8,28.9,3,3
6.87,42.8,70.9,165.8,4,3
5.61,44.9,76.3,257.9,4,5
4.62,29.4,77.2,215,2,1
5.97,18.3,53.5,29,1,3
8.19,24.9,93.9,221.6,2,5
7.49,41.6,30.5,38.5,2,1
6.67,28.5,30.6,0.3,2,5
7.04,42,35.6,266.1,1,1
5.16,35.8,42.6,185.4,3,5
7.47,20.6,69.7,63.3,1,1
6.2,18.7,76.1,104.8,3,3
5.29,31.5,26.6,156.6,1,5
7,19.9,48.4,41.2,3,3
7.34,18.7,44.3,133.7,2,3
7.71,41.4,58.9,182.2,3,3
4.55,43.1,56.7,136.8,2,1
6.83,29.2,36.4,171.6,2,3
4.5,42.8,32.3,93.4,1,3
4.99,44.5,43.6,46.1,3,5
7.92,19,21.6,89.2,2,3
6.23,18,58.7,101.4,3,5
6.77,22.4,48.6,164.7,1,1
7.93,43,45.2,224.3,1,5
6.15,17.2,85.7,63.3,4,1
7.27,23.4,85.2,227.3,3,5
6.36,38.7,66.1,332.9,1,5
4.55,20.6,72.3,316.1,1,5
6.18,24.4,37.4,54.5,2,3
5.29,10.3,67,126.6,2,3
5.88,22.5,20.6,335.7,4,3
8.07,28.7,60.8,261.5,1,5
4.68,11.9,54.3,219.8,4,3
7.79,17.4,49.6,126.6,2,1
6.51,38.1,53.1,196.2,1,3
6.46,19,86.4,230.8,1,1
7.71,11.5,94.4,52.1,4,1
6.47,40.8,51,215,2,5
5.48,33.8,29.1,45.5,3,3
7.35,16.2,26,376.2,1,5
7.95,37,32.7,328.7,2,3
5.85,19.2,29.1,203.9,4,3
6.4,22.7,68.1,360.5,3,1
5.06,31.9,74.7,372.8,3,1
4.75,31.1,24.3,357.5,2,1
7.83,15.3,22.9,351.6,4,3
6.37,30.9,22.3,110,4,5
8.08,44.4,67.8,64.7,4,1
5.11,42.3,76.8,292.7,4,5
5.34,34.1,36.5,175.5,2,1
6.31,37.7,82.9,261.9,4,5
5.76,14.1,40.5,83.8,1,3
4.92,35.2,71.5,38.3,2,3
5.95,36.5,39.3,277.4,2,5
6.29,32.3,36.6,270.8,1,1
6.97,26,87.1,199.1,1,1
6.14,18.1,50.5,330.5,1,5
7.72,22.4,68.2,98.3,1,1
4.9,19.5,84.1,138.6,1,3
5.57,11.4,72.9,180.4,2,5
4.62,40.5,30.4,50.9,1,3
7.27,38,49.8,134.5,1,3
6.71,32.1,39.3,379.5,1,5
4.56,26.8,45,179.6,2,3
6.16,35.6,71.4,333.3,3,3
6.84,22.9,56.5,125.5,2,1
4.92,33.9,69.6,380.2,2,1
8.04,40.2,53.2,234.3,4,5
8.12,12.9,34.3,176.3,4,5
8.45,23.6,23.6,320.5,1,3
6.48,36,77.8,199.8,1,3
7.15,24.3,41,292.4,4,1
6.62,20.1,67.2,47.2,4,5
4.5,14.4,90,346.9,4,1
6.93,44,48,272.6,3,1
8.36,28.9,41.6,48.1,1,3
6,43.3,21.7,121.5,1,3
5.51,28.7,81.8,41.3,2,3
5.23,34.9,48.9,160.9,1,5
5.01,24.7,56.1,150.5,1,3
7.24,25.3,34.6,326.4,4,1
5.69,32.3,41.6,94.4,4,3
4.88,10.2,31.5,27.6,4,5
5.1,18.4,90.2,208.1,1,5
6.08,21.7,35.5,151.1,1,3
5.66,30.2,24.9,76.5,2,3
6.01,33.2,39.1,50.8,4,5
5.13,16.1,77.1,6.3,3,5
6.53,29.7,43.5,118,2,5
5.27,13.4,87.3,140,3,1
5,30.6,59.4,81.2,4,3
6.86,13.4,61.1,281.1,3,1
5.11,34.9,70.8,9.8,3,3
7.18,17.6,64.3,365.3,3,1
8.41,10.4,66.7,165.1,4,3
8.42,31.5,79.5,34.2,1,1
4.59,38.6,21,262.8,3,3
7.28,22,28.1,27.9,2,5
7.47,27.8,51.7,159.2,3,1
8.4,40.6,44.7,235.1,4,3
4.57,12.6,58.3,387.8,1,3
5.26,37,83.1,247.1,3,1
7.81,37.6,39.4,283.5,2,1
5.3,16.3,45.3,167.4,3,5
5.58,11,65.4,158.3,4,3
7.49,40,57.1,52.4,2,1
6.26,12.3,81.9,50.4,4,3
6.36,36.1,66.5,321.2,1,1
6.35,42.9,56.5,185,3,3
6.72,16.3,55.1,387.2,1,5
4.63,26.4,68.5,332,2,3
6.69,16.9,43.8,112.8,4,3
5.13,38.4,29.9,93.4,3,3
7.55,25.7,79.2,247.3,4,3
6.25,23.9,75.8,232.3,1,5
5.41,30.1,51.8,206,1,3
7.91,19,56.9,390.2,1,3
4.86,31.2,26.7,383.7,1,3
7.32,30.6,53.7,343.3,2,1
8.23,30.4,60.4,181.8,3,3
5.47,27.8,48.5,179.4,3,5
6.31,14.7,23.6,310.2,3,1
5.1,30,39,91.2,4,3
5.74,14.1,93.9,123.5,1,1
6.85,12.2,84.7,384.6,2,5
4.59,32.4,51,108,1,5
6.16,16.3,71.7,226,3,3
7.64,33.6,28.6,277.9,1,5
5.07,32.5,48.6,382.7,4,1
8.11,19.5,80.3,398.2,3,3
6.58,20.3,21.1,88.1,4,3
5.18,40.6,72.9,34.1,1,3
8.32,10.1,38.6,371.1,3,1
7.56,13.2,58.5,92.6,3,5
5.04,26.4,90.4,74.3,4,3
6.72,16,43.7,169.8,2,1
8.39,15.4,75,0.2,2,3
5.65,16.5,68.9,285,1,5
5.51,43.5,89.2,182.9,1,3
6.2,15.5,52,215,1,5
7.63,33.8,67.6,363.8,2,5
7.65,28.9,44.3,54.5,4,5
8.01,30.5,70.6,321.7,1,5
6.55,38.1,48,155.2,1,5
4.86,32.7,51,162.2,1,3
6.87,37,82.1,68.2,3,5
8.03,27,60.7,367.6,2,5
5.6,23.8,49.1,114.7,2,1
4.78,33.7,33,137.8,2,5
7.57,41,36.6,185.4,3,1
7.55,28,70.3,338.9,2,5
8.13,35.9,60.7,211.9,1,5
7.12,24.6,73.6,344.5,3,5
6.13,34.1,38.7,256.1,1,1
8.14,44.8,28,93.2,2,3
4.89,10.5,32.1,398.4,3,1
7.89,10.7,65.3,110.8,2,5
7.25,33.6,36.6,13.9,4,5
7.74,38,54.3,242.6,4,5
6.2,19.6,39.9,214.5,4,5
4.86,35.2,36,78.8,4,1
6.84,23,53.7,214.9,2,1
8.02,25.2,50.9,14.2,1,1
6.74,34.7,33.3,100.9,3,3
5.04,27.4,36.1,24,2,3
7.34,28.7,30.8,3.7,2,3
6.92,21.8,63.9,126.3,1,1
5.25,25,69.4,105.5,3,5
6.92,43.7,64.2,188.5,2,5
7.81,21.3,37.8,105.1,2,1
6.51,12.4,74.3,322.4,2,1
6.21,41.1,83.4,210.2,1,5
6.48,21,76.5,88,1,5
7.4,24.1,36.1,142.4,2,1
7.47,18.8,54.1,154.3,4,1
4.82,13.1,64.3,239.7,4,1
4.72,28.1,57.9,59.8,1,3
4.9,31.3,34.7,100.6,1,5
7.92,18.1,44.6,84,1,3
7.19,28.3,87.4,65.8,4,5
5.01,23.9,32.8,101.9,3,3
6.15,43.2,29.5,389.5,4,3
5.86,15,84.3,123.5,4,5
6.39,27.4,74.9,35.1,3,3
4.73,14.9,73.7,174.9,4,3
6.53,14.4,55.7,305.4,1,5
8.47,34,83.1,165.9,3,3
4.99,17.1,50.1,338.3,2,3
7.34,30.5,46.8,230.8,1,5
8.47,14.5,25.4,351.4,3,5
5.82,23.7,39.7,137.2,1,3
6.55,43,23.1,201.2,1,5
4.7,30.1,84,96.8,1,5
7.43,42.7,69.3,175.6,4,3
6.38,11,71.7,192.7,3,3
4.76,30.1,66.7,202.3,1,1
6.96,10.4,72.1,167.2,2,3
5.9,42.1,30,268.6,4,5
4.95,13.3,45,149.4,2,1
6.27,11.2,44,324.2,3,1
7.29,20.9,27.5,109,1,5
6.48,10.3,30.5,128.8,3,1
8.27,22.8,88.4,312.2,1,5
7.01,32.3,67.2,221.5,3,5
7.61,40.5,36.2,33.5,3,3
7.82,25.5,62.8,210.8,3,5
7.81,15.5,64.6,237.4,2,5
8.42,23.8,37.1,68.5,1,3
7.07,13.1,87,155.7,4,1
6.06,40.2,89.7,121.4,1,5
8.22,18.6,63.3,109.8,2,3
6.76,21.9,44.2,258,1,3
7.91,19.3,59,180.2,2,1
7.15,30.7,75.2,228.5,2,3
6.89,19.6,26,171.8,1,3
7.38,32.5,45,301.9,2,5
6.71,10.4,72.2,150.4,2,3
6.85,18.8,35.3,136.2,1,3
6.56,15.8,93.3,43.2,2,1
6.6,35.4,52.7,252,4,3
6.81,27.4,63.5,114.7,3,5
4.71,18.9,25.6,41.5,4,1
7.14,19.5,85.4,194,2,5
6.03,29.8,28.6,398.8,1,5
7.34,22.7,82.5,181.7,4,1
7.88,35.8,35.9,58.1,1,3
5.53,26,22.3,158.9,4,5
6.57,38.7,61,16.3,2,5
8.3,40.1,37.1,88,4,3
7.91,37.1,49.5,201.8,3,3
6.52,11.1,29.9,354.6,2,5
6.57,22.9,75.6,313.7,1,5
5.32,21.8,55.2,132.3,3,3
5.05,24,93.5,90.4,4,1
4.78,27.1,72.7,205.3,1,5
4.84,42.8,48.4,230.6,4,3
7.36,14.7,41.8,57.9,2,5
7.37,43,59.6,216,2,3
6.4,31.1,93.9,375.1,4,5
6.37,33,87.1,157.2,2,1
6.9,34.8,91.3,97.8,3,1
5.57,37.2,61.4,264.4,4,1
6.97,24.2,34.9,384.7,4,1
6.14,22.4,50.5,163.7,2,3
6.49,14.7,57.2,67.6,3,3
6.92,33.1,50.1,363.6,1,5
5.97,43.6,81.5,341.6,4,1
5.64,19.5,84.2,12.8,1,1
5.3,18.1,79.8,225.3,3,3
6.13,14,70.7,280.8,4,3
4.5,43.4,81.1,361.6,1,5
7.74,39.3,27,295.5,4,3
6.78,43.1,53.2,239.7,1,1
4.8,27.5,71.5,316.8,1,1
8.27,12.3,50.2,9.4,1,1
8.14,39.6,29.6,37.2,1,1
5.57,41.5,89.6,161,4,3
7.45,26.7,29.2,371.2,2,1
5.97,10.7,27.5,198.5,4,5
7.28,34.5,72.8,197,3,5
6.3,17,43.1,16.9,3,3
5.72,37,44.5,96.9,1,1
5.02,25.9,58,275,3,1
4.68,20.4,41,58.4,3,5
6.59,33.2,48.6,287.8,3,3
6.66,10.8,26,167.2,2,1
4.85,39.6,74.9,244.4,4,1
5.39,27.9,61.2,215.3,4,1
8.11,40.7,80.1,377.4,2,3
6.48,39.6,57.9,299.2,4,3
7.43,15.8,46.4,105.9,2,5
5.97,29.4,27.5,322,1,3
7.4,17.3,86.4,246.5,4,1
8.27,36.4,35.6,135.1,3,1
7.56,25.4,73.7,154.6,4,3
8.4,20.9,54.6,269.6,3,1
7.55,12,94.9,301,1,3
7.93,13.9,46.1,350.6,4,5
7.65,39.2,32.2,341.7,2,1
7.82,24.7,34.5,113.9,2,5
7.72,37.7,63.6,312.3,3,5
7.99,12.6,38.5,278.1,1,3
5.69,10.4,42.5,231.2,1,1
8.01,41.9,39.9,184.9,1,5
8.49,18.2,74.5,151.2,4,3
6.34,27.1,21.7,274.8,1,5
5.7,15.8,50.5,92.9,1,3
6.53,15.5,70.3,301.6,4,1
4.78,30.9,39.8,211,2,1
6.7,30.4,50.1,379.6,1,5
7.88,25.1,82.2,329.2,2,1
5.66,20.4,42.2,290.2,1,3
7.36,16,27.8,95,4,5
4.68,44,73.7,129.3,3,5
7,15.1,34.2,343.8,2,1
7.99,33.2,45.6,273.5,1,5
6.45,38.5,91.6,370.3,3,3
5.94,26.3,71.7,353.6,2,3
7.76,44.3,86,112,3,3
5.66,31.5,80.3,359.7,2,3
5.25,13.5,47.2,200.5,2,3
5.22,32.6,54.8,198.1,2,5
5.36,28.1,75.2,222.7,2,3
6.35,13.1,65.7,115.3,3,1
6.63,12.7,72.4,249.5,3,3
7.38,28.5,49.7,128.9,2,1
7.19,12.6,54.6,356.3,1,3
8.3,12.7,90,145.3,1,5
6.26,32.2,78.1,13.5,3,1
5.88,22.2,55.2,133.7,1,1
4.63,26.5,91.6,46.3,2,3
7.05,32.6,82,42.8,2,1
6.85,39.1,25.4,276.3,2,1
5.86,31.7,86.8,198.5,3,5
4.91,12.2,23.9,152.1,3,5
7.47,11.8,36.6,109.7,1,1
5.04,43,80.3,72.3,4,5
7.66,27.9,29.6,295.6,3,5
6,27.4,45.7,96.8,4,3
7.59,16,23.3,261.5,2,3
6.47,17.2,75.3,279.9,4,5
4.92,44.4,84.5,275.2,3,1
5.26,25.5,25.4,155.9,4,5
5.82,30.8,85.4,19,1,3
7.28,13.7,69.9,114.5,3,3
4.57,25.3,21.6,193.4,3,3
5.03,23.2,70.4,313,2,1
5.3,20.1,32.1,99.7,1,1
6.75,43.1,34.7,256.7,1,3
5.52,19.2,22.9,122.2,2,3
5.38,34.7,78.7,182.1,4,5
5.14,23.9,63.5,379.2,1,3
5.82,27.8,21.8,125.2,4,5
6.3,20,42.4,153.2,4,1
6.25,23.8,83.5,170.8,2,3
7.47,28.6,80.7,312.3,3,5
7.7,22.1,32.9,1.1,3,5
6.72,16.6,84.5,103.1,1,5
6.5,17.5,40.4,67.9,3,1
6.35,35,75.2,55.3,4,3
5.32,16.5,29.4,55.4,3,5
7.63,36.1,65.3,274.5,4,1
7.05,10.3,22.5,340.8,3,5
7.25,37.7,43,14.4,1,1
4.93,27.2,77.6,88.7,3,3
8.47,16.9,63.2,370.1,1,3
8.29,41,36.1,253.6,2,1
5.22,36.8,45.4,70.3,2,1
6.36,28.8,94.6,159.6,4,1
6.07,34.3,90.3,216.9,1,5
5.34,27.6,21.5,101.1,1,5
5.56,28,63,370.3,1,3
8.22,37.5,35,52.3,4,5
7.66,35.9,66.9,394.6,3,3
7.81,18.8,78.3,382.8,2,5
6.34,22.8,46.5,254.5,3,1
5.29,27.3,79.4,190.3,2,5
7.15,24.3,87.2,65,2,1
4.56,41.2,38.4,291.9,4,3
8.47,20.3,73.3,46.2,1,1
5.97,30.7,57.8,258.4,2,3
6.8,40.2,56.1,31.4,1,3
5.12,39.7,59.1,373.3,3,3
4.52,25,34.8,364.3,1,5
6.57,19.2,35.7,239.6,3,1
5.99,35.2,61.6,169.2,3,1
8.24,11.9,70.5,356.5,3,3
5.68,35.1,26.3,324.7,4,5
4.9,35.1,71,332.4,3,3
5.99,15.2,61.9,366.9,1,1
4.5,15.9,22.3,131.3,1,5
6.93,25.8,90.4,49,4,5
6.24,19.7,85.2,242,1,1
4.87,25.6,95,334.1,1,1
4.91,18,20.2,121.4,4,3
7.21,40.6,76.2,375.4,3,5
7.15,20.1,39,132.4,4,1
6.26,27.9,70.5,154.9,3,1
5.9,36,76.8,266.8,2,5
6.78,26.9,61.2,196.7,2,3
4.94,36.2,30.2,26.7,4,5
4.74,25.5,34,194.1,3,5
7.04,22.4,65.2,124.8,4,5
6.73,21.4,42,13.4,3,5
5.8,26.5,81.4,49.8,1,5
8.29,23.9,36.3,149.5,3,3
6.93,26.7,84.9,12.8,2,1
7.54,41,74.7,371.1,2,3
4.56,10.2,38,40.3,4,1
4.61,41.8,20.6,294.4,2,3
8.07,32.9,70.4,2.1,2,5
8.08,33.1,45.9,357.5,2,5
4.9,42.3,30.6,90,1,1
6.98,18.1,20.1,302.9,4,3
6.34,41.6,50.7,210,1,5
7.6,28.4,43.8,103.3,1,5
5.42,15.2,69,272.5,4,1
8.08,42.8,80.6,254.2,1,3
5.6,17.1,53.2,22.7,1,5
6.73,33,57.3,12.8,3,5
6.17,36.5,37,88.5,1,3
7.89,39,48.7,235.6,1,1
5.17,44,66.3,392.6,3,1
5.39,19.1,58.4,127.8,1,1
4.64,34.7,56.9,37.7,2,3
6.95,13.3,76.6,8.2,3,1
7.37,12.6,81.6,197.2,1,5
7.23,44.8,37.4,249.6,2,3
4.56,14.2,68.7,226.9,3,5
6.38,42.4,49.8,250,4,3
6.58,40,49.4,355.5,2,3
4.71,37.8,51.3,91.6,4,5
7.84,29.4,66.2,189.7,1,3
5,24.6,45.8,199.3,3,5
5.06,28,38.2,73.7,2,1
6.21,31.9,74.6,271.7,3,1
6,32.4,57.1,339.7,2,5
5.04,32.1,42.6,7.4,2,3
8.22,35.1,77.2,80.6,3,1
5.19,20.7,44.1,63.9,4,5
5.17,11,67.2,390.4,1,5
6.78,41.7,78.8,249,2,3
4.86,33.8,74.4,386,1,3
6.68,34.7,79.3,77.5,2,1
5.82,40.1,55.5,319.8,3,3
5.83,39.1,40.6,218.4,4,1
5.77,19.3,92.5,64,4,1
4.58,34.5,39,16.2,2,3
4.55,30.6,57.6,349.4,4,1
7.22,33.4,90.7,329.2,4,5
6.09,20.9,53.9,153.7,4,1
4.85,42.3,56,249.5,3,3
6.22,24.3,48.1,370.2,4,1
4.93,25,27.4,247.6,3,5
4.53,21.1,70.8,193.6,2,1
5.94,11.6,83.4,364.5,3,5
8.49,19.1,74.3,363.2,2,3
5.74,44.2,41.1,381.4,4,1
6.63,26.7,36.8,282.2,2,5
5.51,43.4,22.1,79.9,1,5
5.43,27.2,85.4,284.8,2,5
7.28,15.8,79,100,3,3
7.94,14.4,62.4,56.8,4,5
6.24,27.1,89.6,208.4,3,1
7.26,13.7,81.6,174.2,1,1
6.01,13.5,67.5,352.1,2,3
7.97,10.1,48.5,327.4,3,1
6.93,22.8,87.8,201.3,4,1
6.47,16.2,58.5,325.6,3,1
7.33,18.9,84.7,357.4,1,5
8.4,40.4,87,354.6,2,5
6.68,11.8,75.9,202.1,4,1
6.47,16,40.9,63.5,2,3
5.11,19.4,64.3,244.1,4,3
7.64,18.3,41.6,375.2,4,1
4.83,24.6,61.9,75,4,1
5.81,37.3,83,129.4,2,5
7.85,15.3,26.2,256.7,1,3
5.95,20.1,57.6,182.4,3,3
7.54,39.9,93,106.7,3,3
7.21,26.7,94.5,291.6,2,5
8.11,38.5,54.4,100.7,3,1
6.6,27.7,59.4,389.6,1,1
5.98,24.8,47,319.4,3,3
7.91,38.2,29.9,285.6,1,1
4.7,27.1,46.7,100.6,3,3
5.48,11.7,83.7,4,4,5
5.79,18.6,20.7,94.2,1,3
5.17,28.5,64.3,119.2,3,1
4.61,35.9,43.9,318.5,3,5
6.55,35,40.5,48.6,1,1
6.27,32.6,57.1,248.1,2,5
7.32,28.7,70.9,349.4,1,5
7.56,30.4,25.3,356.8,2,5
7.54,43.4,24.1,238.7,4,5
4.86,29.7,55.9,41.8,4,5
7.57,41.7,50.7,381.2,1,5
5.14,25.2,50.1,230.3,4,1
6.54,13.7,84.4,123.9,3,5
8.33,13.2,37.3,18.6,2,5
6.24,42.5,64.3,252,4,1
5.92,41.7,87.6,390.6,4,1
7.79,24.3,94.3,188.9,4,3
5.79,12.6,87.2,321.1,3,3
7,24.3,39.1,343.9,4,3
6.94,13.2,55.5,77.5,1,3
8.15,24.1,35.6,259.5,2,3
7.98,28.8,76.4,56,4,1
6.55,42.5,85.6,53.8,1,5
5.66,31.5,87.7,384.9,2,5
6.6,17.3,59.4,222,3,5
5.97,22.7,92,177.6,1,5
5.56,30,87.1,190.1,1,3
4.8,41.2,83.6,397,2,5
7.81,39.6,62.7,152.9,4,5
6.66,25.6,62.4,188.2,1,3
6.28,30.6,30.4,1.4,4,5
4.9,41.8,36.1,81.8,4,3
7.59,40.6,66.1,75.3,4,5
8.32,18.7,74.9,175.8,3,3
4.78,38,38.2,290.2,2,1
5.27,40.9,80.7,387.1,2,5
5.98,16.5,53.2,66.3,1,3
6.86,31.9,60.4,264.9,2,3
5.65,42.9,77.2,389,2,1
5.28,10.4,38.2,271.5,1,1
8.05,34.3,49.6,149,1,1
7.04,22.7,83.9,302.6,2,3
5.34,37.2,56.5,89.9,4,3
7.61,18,59.5,180.6,4,3
7.97,25.8,21.2,170.6,4,1
7.11,15.4,68.5,73.1,2,1
7.34,11.7,50.6,282,1,1
7.02,30.6,46.5,193,3,1
7.29,25.2,35.2,85.6,4,1
7.5,37.8,35.2,383.6,2,5
7.33,35.3,26.4,88,1,1
5.88,37.5,45.4,327.7,1,3
5.86,24.3,46.2,305.5,1,3
7.85,12.3,90.7,394.5,2,5
5.99,37.2,64.7,257.7,4,5
7.83,34.7,63.3,355.9,1,5
6.22,27.3,24.1,381.9,3,5
6.52,10.9,89.4,340.7,2,1
4.99,22.7,39.2,202.7,3,5
8.06,32.8,55.6,341.8,1,3
5.67,14.5,84.1,235,4,1
4.71,27.5,48.1,250.3,2,3
6.73,34.8,30.1,325.6,1,3
5.86,13.8,58,34.3,2,5
7.51,28.4,47.6,26.3,2,5
5.62,41.9,42.8,179.9,2,1
8.23,23.1,26.1,154.9,2,5
7.28,11.9,41.3,327.7,2,5
4.87,39.2,47.1,244.9,1,3
5.36,14.5,43.4,205.8,2,1
7.12,31.3,50.9,189.5,1,5
5.42,10.2,68.8,81,1,1
4.81,13.7,57.1,243.7,2,5
6.88,21.4,21.9,300.1,2,5
6.18,30.2,85.5,345.4,1,3
7.6,25.2,34.4,361.8,2,3
4.58,31.8,69.6,124.4,1,3
7.22,12,89.7,89,2,5
7.59,17.8,26.1,350,4,5
7.31,29.5,84,126,2,3
5.92,41.2,32.4,59.8,3,5
5.28,23.7,91,98.6,2,1
6.29,42.8,75.2,183.2,1,5
6.87,40.8,46.8,120,2,5
4.67,40.5,70.9,264.2,2,5
6.42,40.5,47,370.7,1,5
6.76,28.7,30.3,236.5,4,5
8.29,32.5,85.8,270.4,4,5
7.2,43.6,39,350,2,5
8.23,23.9,91.5,281.1,3,1
6.44,26.1,62.5,59.8,2,3
4.56,19.6,20.2,166.3,4,1
8.28,31.3,39.1,369.7,2,1
7.28,42.4,73.4,147.3,1,1
6.05,24.2,32.5,9.2,1,1
7.71,44.6,46,239.8,1,1
7.37,36.4,26.7,344.5,3,3
4.86,11.7,45.1,203.7,2,5
8.15,22.9,23.4,120.1,3,5
5.6,14.6,81.4,398.5,2,1
6.97,35.1,49.4,362,1,3
7.09,43.3,79.6,16,3,5
5.76,34.5,82,292.5,4,3
8,36.8,47.2,293.6,4,5
6.63,20.2,69.2,256.6,4,5
6.23,29.9,85.7,371.3,4,1
6.26,36.1,35.4,148.4,2,3
7.39,39.2,49.9,179.2,1,5
5.65,21.3,70.9,225.3,3,5
8.1,34.1,93.9,306.8,2,1
7.59,10.7,70.3,187.7,4,5
7.92,10.8,65.7,147.1,4,5
5.74,43,33.5,265.1,2,1
5.8,39.2,77.1,131.6,2,1
5.33,27,26.4,337.3,2,5
7.27,42.9,61.6,240.1,1,1
4.62,35.3,87.9,318.2,1,3
8.46,13.2,70,113.4,4,3
5.11,17.2,66.6,51.3,1,1
5.81,27.1,90.6,90.9,1,5
7.52,41.6,88.7,310.7,3,5
6.04,15,73.3,264.5,3,1
5.49,25.1,70.1,171.8,1,1
6.11,36.8,88.6,165.4,4,1
8.27,19.3,53,318.4,1,5
7.01,16.5,58.3,211.6,2,1
5.62,18.1,85.6,68.4,4,5
7.59,26.6,46.3,144.4,2,3
7.37,41.4,87.6,131.4,3,3
6.01,41.4,40.6,109.2,1,1
6.25,35.4,87.1,269.7,1,5
5.56,15.2,26.7,225.4,3,3
5.7,19.9,65.3,326.7,3,5
5.48,43.8,20.6,351.9,3,1
5.87,25.4,73,235.1,4,3
7.42,11.5,20.8,183.2,2,1
5.36,25.1,34.8,219.4,2,1
4.7,43.4,30.7,283.4,3,1
6.54,26.3,91.4,377.9,4,1
6.32,22.5,91,241.2,3,1
4.69,43.1,43.5,177,3,1
4.61,39.2,30.5,354.6,1,3
6.76,20.9,33.4,343.7,1,5
5.18,23.4,85.4,145.3,1,5
5.08,16.2,84.7,157.1,1,5
6.89,38,30,44.2,3,1
6.86,36.9,52.2,303.4,4,5
7.42,24.7,93.6,139.8,3,1
5.47,37.9,52.5,367,3,5
6.37,18,35,170.2,1,5
7.25,19.9,56.1,17.8,3,3
6.13,10.4,32.7,261,1,3
5.52,36.7,71.6,129.1,3,5
6.31,40.8,51.6,335.8,2,1
6.82,27.7,49.9,47.9,3,1
4.9,24.6,42.9,370.2,3,5
6.62,34.6,39.5,376.8,2,1
5.96,13.5,70.5,3.1,2,1
7.01,44.3,54.8,327,4,5
8.22,41.1,78.9,118.5,2,5
6.28,26.9,82.4,358.4,1,3
7.95,16.1,66.6,10,3,5
4.9,24.8,43,362,3,5
4.82,31.9,45.2,268.8,2,3
7.25,17.4,84.3,23.4,3,3
6.23,34.6,33.7,243.9,4,3
7.82,31.1,49.2,223.1,3,5
6.11,22,50.1,304.4,3,1
5.67,24.5,79,218.4,2,1
6.09,19.5,95,123.3,1,3
5.86,29,83,353.3,3,1
5.84,11.5,64.9,341.9,4,3
7.01,23.1,30.6,283.7,3,5
4.57,17.6,25.2,228.2,1,3
7.85,29.4,71.7,388.6,3,1
5,23.8,83.9,362.5,3,1
7.33,39.1,29.1,324,2,1
6.2,27.8,90.9,219.3,4,1
7.4,38.4,70.9,242.8,1,1
7.79,14.3,83.6,165.6,4,3
6.23,38.3,39.8,1.6,2,3
7.52,19.7,53.3,34.8,3,3
5.11,32.7,88.8,271.9,2,3
5.5,41.3,73.6,255.8,2,3
4.68,37.5,70.9,189.1,4,5
5.68,40.5,79.8,206,3,1
7.12,23.5,82.7,380,3,1
7.65,22.3,32.5,13.4,1,5
5.46,17.2,92.7,10,1,5
4.65,42.1,30.5,220.7,3,5
4.7,14,25.4,304.2,2,3
6.17,42.5,88.3,286.3,4,1
6.02,31.5,66.8,192.7,3,3
7.78,25.2,74.5,107.8,2,1
6.11,10.6,81.1,143.7,4,3
5.2,41.1,65.7,380.1,2,1
5.7,40,94.9,251.9,1,5
5.92,30.1,82.5,275.2,1,1
5.08,18.2,87.9,14.8,2,1
6.97,28.7,36.4,65.7,4,3
5.58,43.2,54.8,23.5,2,3
7.11,19.8,62.8,308.9,3,3
5.84,26.2,89.5,360.6,4,1
6.48,13.7,45.9,59.4,4,3
8.49,23.1,64.9,342.5,3,5
6.14,17.2,50.2,30.4,1,3
5.75,14.2,84.8,197.4,3,5
6.14,16.7,75.9,50.8,4,5
5.34,20.7,55.6,179.7,1,3
7.08,35,41.9,128.9,3,1
8.44,38.5,32.3,2.2,3,5
4.96,28.7,84.3,294.7,2,5
6.53,38.4,82.9,363.9,1,1
4.95,29.8,38.7,172.7,2,1
4.71,10.4,21.7,3.3,4,5
5.38,44.5,43,51,1,5
7.21,20.4,62.1,285.9,2,5
7.98,40.5,63.4,171.9,2,3
4.52,44.7,33.7,188.1,3,3
6.41,14.6,49.6,70.9,3,5
8.47,44.8,28.6,290.4,1,1
4.92,43.8,90.6,77.6,2,5
6.56,29.9,36.6,302.6,3,3
7.13,25.3,79.2,327.2,3,1
8.24,15.8,23.2,181.6,4,1
8.18,28.7,27.5,235.5,4,3
5.19,10.4,64.5,354.7,2,5
4.75,41.6,81.1,125.7,2,5
8.06,40.8,76.8,225.4,2,1
5.93,37.7,76.9,364.2,3,5
8.25,37.6,29.8,32.5,4,3
7.02,44.5,49.9,132.8,4,1
8.25,38.1,52,254,2,1
5.37,15.9,20,287.3,1,1
5.69,29.6,49.8,269.9,4,5
6.5,21.8,42.2,26.8,2,3
4.99,12.3,93.1,272.5,3,1
7.53,37.3,55.8,172,1,5
6.91,17.1,89,366,2,5
8.49,18.6,83.2,329.2,4,5
8.42,20.4,85.3,1.7,2,5
5.45,34.1,62.4,31,3,1
5.24,37.7,51.2,37.4,1,3
5.02,18.4,84.5,369.8,4,1
5.59,29.2,74.1,397.3,1,1
7.28,39.1,83.5,271.4,3,1
8.16,43.9,83.5,123.9,2,3
6.31,40.7,27.5,103.1,2,5
5.78,23.6,66.7,63.3,3,3
8.17,26.4,40.6,56.7,1,3
4.93,23.7,64.2,110.3,4,1
8.29,13.5,31.7,384,1,1
4.52,40.6,43,375.4,3,5
4.82,18.5,78,211.5,1,1
7.98,25.7,93.4,383.9,3,3
7.89,17.4,66.8,29.1,2,3
4.78,24,63.3,342,1,1
4.74,36.2,62.4,179.2,2,3
5.85,36.5,60.8,350.7,4,1
7.9,29.5,35.5,249.4,3,5
6.31,35.4,27.2,158.4,2,1
5.14,19.7,44.7,260.1,4,3
6.54,38.4,52.8,49.6,4,3
7.67,30.3,68.5,372.2,2,3
8.41,40.2,44.2,185.5,4,5
8.33,24.2,85.6,75.7,4,3
7.56,30.3,66.9,20.7,2,3
5.66,32,62.5,244.9,2,5
5.48,14.8,83.7,246.6,2,3
7.99,36,69.5,162.7,1,3
7.69,20.6,83.6,303.6,1,3
5.24,13.9,74.2,107,2,3
4.81,26.6,80.2,315.6,3,1
6.32,30.8,93,131,2,5
8.46,33.5,54.8,245.4,4,1
4.95,14,46.1,305.1,2,1
7.91,31,92.1,268.1,3,1
7.09,11,21.1,51.8,2,3
6.45,14.8,70.5,238.5,2,1
4.81,23.7,31.5,150.7,3,5
5.42,22,66.1,344.3,4,3
5.95,22.8,86,15.7,2,5
7.22,11.3,65.4,193.9,1,5
8.06,29.2,51,29.1,3,5
6.96,27.9,52.5,237.3,1,1
6.86,20.9,53.7,322.3,1,3
7.22,21,79.4,52.2,3,3
4.55,41.4,63.6,140.7,4,5
6.54,44.7,93.7,254,3,5
7.23,13.6,44.6,30.1,2,3
6.44,37.5,56.4,134.2,3,1
5.59,31.5,93.3,44.5,3,3
8.37,37,87.4,133.5,1,3
4.71,39.9,89.5,36.2,4,1
4.92,17.3,92.8,267.1,1,3
6.64,37.9,64.7,125.8,2,3
7.79,44.4,50.8,305.4,2,1
5.99,11.4,47.2,244.3,3,3
4.81,42.6,73,131.9,1,5
6.91,33.5,49.2,195.1,4,3
6.17,20.2,77.4,305.6,2,3
4.55,25,50.8,395.4,2,1
8.06,27.2,64.9,38.3,1,1
6.86,22.1,66.9,364.2,2,3
8.33,16,74,245.8,3,5
5.76,33.9,36.2,167.9,2,3
8.38,25.1,92.7,56.1,4,3
7.66,37.4,28.4,364.8,1,5
8.44,40.9,91.7,137,2,5
6.5,37.8,31.3,263.9,3,3
7.15,26.3,80.9,62.4,1,3
5.28,33,84.1,101.1,1,1
5.35,38.4,78,58.1,3,1
5.85,32.2,23.8,243.5,4,1
5.92,19.9,83.1,20.1,1,3
5.64,41.9,76.3,25.6,1,1
8.1,21,63.1,200.3,3,5
5.32,36.4,53.9,383.4,4,1
8.26,33.2,85.3,331,3,5
5.13,28.7,37.3,297.5,4,3
5.58,45,25.4,17.4,3,1
8.42,32.9,86,85.6,2,1
4.9,13.9,63,312.4,1,1
6.24,15.3,54.9,271.6,3,3
6.87,19.4,68.4,394.4,4,1
6.75,18.8,91.6,193.3,1,5
5.48,39.1,66.1,365.3,2,5
4.52,27.8,94.9,278,1,5
7.63,10.5,81.3,120.2,2,1
6.37,24.9,41.7,68.9,4,1
7.61,20.4,38.4,87.1,2,1
6.92,34.7,71,116.9,1,3
5.9,17.4,48.1,108.8,4,5
7.91,17.7,24.9,295.5,1,5
4.76,17.9,79.5,321.8,4,5
5.04,12.6,94.4,262.2,2,5
7.86,38.2,21.2,74.7,4,1
8.43,33.3,91.7,80.6,1,5
8.46,15.5,58.7,317.1,1,3
8.45,24.9,65.3,21.8,4,3
6.12,10.6,64.4,5.1,1,1
5.26,16.7,69,21.5,4,1
6.82,33.2,74.1,102.1,1,1
6.2,43.1,36.3,102.7,1,1
7.22,32.5,84.6,194.6,2,3
7.15,31.5,59.8,273.2,2,3
6.84,37.3,38.7,271.3,1,3
7.62,35.4,24.5,232.6,4,5
7.75,13.8,29.1,237.8,3,5
6.67,23.6,27.6,320.8,2,3
7.79,17.6,39.8,83.4,1,1
7.37,40.9,67.9,155.1,1,1
4.63,34.3,52.9,220.9,3,5
6.4,26.5,49.1,328.3,1,3
8.08,40.3,86.8,108,4,3
5.61,41.8,68.7,32.7,4,3
7.02,35.7,84.5,376.3,2,5
5.46,22.6,88.6,230,4,3
4.62,12.2,60.3,287.5,2,5
7.74,24.4,76,161.6,4,3
8.47,22.1,50.8,66.2,2,5
8.17,23.8,33.5,114,2,3
5.43,35.8,20.6,215.7,2,1
6.91,33.4,69.1,178.3,4,5
7.53,21.2,27.7,28.7,4,5
4.71,21.8,76.5,117.7,1,3
5.48,35.5,76.1,159,2,1
8.19,32.4,33,273.1,1,3
7.44,28,81,288.9,3,5
7.84,42.8,30.3,195.3,2,3
7.39,14.9,85.8,72.4,1,3
5.81,15.5,32.6,264.8,3,1
4.95,12.5,75.8,284.8,1,1
4.84,41.6,88,279.3,2,3
7.81,29.9,43,87.1,2,3
5.19,19.1,55.1,93.2,2,5
7.49,33.3,63.7,195.2,3,1
5.49,13.2,76.3,70.2,4,1
5.05,16.1,24.1,262.7,2,3
8,17.5,44.4,60.3,2,3
6.95,36.7,60.9,251.1,2,3
5.94,35.1,65.8,71.4,1,3
6.18,16.2,89.3,304.9,3,5
8.09,14.8,38.8,217.1,1,1
8.44,25.9,46.9,117.1,3,5
8.32,24.5,91.4,329.5,2,3
6.24,29.6,24.4,278.5,1,1
7.8,18.3,44.3,192.5,2,3
6.87,20.4,24.2,1,4,1
8.35,24.9,58.5,58.7,2,3
6.94,42.7,34.7,305.8,1,3
4.94,22.3,33,149.3,1,3
7.13,42.2,50,76.9,3,3
6.79,25.9,31.2,179.9,1,5
8.04,12.9,58.7,90,1,3
6.61,21.7,35.6,320.1,2,5
5.37,21.7,92,208,1,3
7.62,21.9,33.4,234,1,5
8.03,23,25.7,383.3,2,5
7.17,29.1,35.4,302.1,4,1
6.45,14,26.3,135.8,1,5
7.63,33.1,58.8,66.9,1,5
4.93,27.3,85.5,354.9,2,1
5.59,11.4,83.6,345.5,1,3
7.75,37.5,86.8,221.1,1,1
4.97,39.7,57.5,155,2,1
6.53,40.5,36,170.6,4,5
5.93,25.4,59,252.8,4,1
7.77,28.7,45.4,263.2,2,3
4.73,15.9,41.4,113.1,1,5
7.52,19.3,43.3,211.2,4,5
4.84,25.6,83.7,246.3,3,3
7.33,44.1,87,137,2,3
4.61,38.8,35,24.3,3,1
7.42,31.9,37.8,201.3,3,3
5.79,44.4,73.1,25,2,3
7.41,16.4,58.4,37.3,3,5
8.13,43.1,20.5,185.7,3,3
6.57,12.6,28.3,153.4,3,5
7.97,22.8,23.2,389.7,1,1
5.97,10.4,71.7,392.2,2,5
5.22,29.8,67.8,295.8,4,1
7.05,39.6,60.5,165.7,3,3
7.97,43.4,70.7,219.6,2,5
5.3,16.5,39.1,122,4,3
4.9,11.5,70.5,214.9,1,1
7.81,25,68.1,381.4,2,3
7.08,16.2,62,392.5,1,5
6.13,45,63.4,16.9,2,3
4.63,38.7,40.7,318.6,1,3
8.4,22.7,65.1,244,3,3
7.2,24.1,84.7,72.4,1,3
7,38.6,69,335.7,4,5
5.18,26.9,72.6,90.9,1,3
8.38,34.3,50.1,77,4,3
4.93,41.7,94.8,65.6,2,3
6.35,17.2,42.6,80.3,3,3
7.04,23.6,88.2,387.8,1,5
6.6,13.2,52.7,232.7,2,1
6.67,43.6,35.5,261.9,3,5
6.71,13.7,21.7,68.6,2,3
5.31,33.4,33.7,245.4,3,3
8.48,42.8,20.3,354.2,4,3
5.63,23.4,26.9,44.9,2,3
6.94,35.1,77.1,105.1,2,1
5.9,18.5,24.7,71.8,4,3
5.06,28.8,64.5,217.4,3,1
4.71,23.8,34.1,224.7,3,1
6.24,23.6,83.1,87.7,4,5
6.18,20.4,55.3,37.3,4,3
5.25,27.6,83.7,94.3,3,5
8.34,39.3,47.3,29.1,2,5
7.9,44.9,58.1,138.1,3,5
6.54,29.4,81.9,201.8,1,1
7.86,15.2,84.2,270.1,2,1
8.21,11.1,54.7,125.4,2,5
5.94,24.9,93.6,313.6,4,1
5.44,24.4,73.7,43.8,4,5
6.23,39,21.8,270.1,2,3
7.27,44.1,92.2,94,4,5
7.31,35.4,70.6,134.4,1,1
6.43,35.5,53.1,135.5,1,1
5.56,13.3,46,14.6,1,5
5.8,33.4,73.8,232.5,1,5
7.45,43.6,84.7,67.2,3,5
6.91,34.9,43.8,215.8,3,5
7.92,37,24.8,248.5,3,3
8.33,40.8,50.3,116.6,4,3
4.96,29.2,20.1,129.5,4,5
7.41,22.2,27,206.7,1,5
7.84,31.6,67.5,216.4,4,3
6.55,20.7,54.5,74.6,3,1
4.91,16.9,56,355,3,1
5.86,30,53.6,263.7,1,1
5.68,21.4,92.1,73.1,4,3
7.95,24.6,75.8,342.5,3,1
5.93,39.1,23.3,123.4,3,3
6.25,28.9,34.8,172.3,1,3
5.54,40.4,68.3,8.1,1,3
8.49,40.5,42.3,103,2,5
5.99,21.1,66.6,65.7,3,3
6.41,39.8,38.5,7,2,1
6.77,41.5,92.7,253.8,4,5
5.14,35.7,52.4,178.4,3,1
5.24,31.9,33,25.5,3,5
8.06,11.9,33.2,219.5,2,5
4.53,44.6,69.4,146.2,2,5
5.88,32.7,86.2,73.7,3,5
5.36,11.3,30.6,366.9,3,3
8.34,40.8,76.6,373.4,1,3
7.26,40.4,79.8,138.6,1,1
5.81,13.8,90.1,116.4,3,3
8.34,21.7,78.4,342.2,2,3
7.49,42,76.6,90.9,2,3
6.8,39.1,34.1,313.8,1,5
5.19,24.7,82.5,7.7,1,5
5.62,44.1,33.7,144.4,3,5
6.82,28.5,83.3,94,1,5
6.88,18.8,45,188.5,2,5
7.24,25,84.9,277.9,4,3
4.87,37.3,94.4,212.5,4,5
6.25,40,32.6,106.2,2,1
6,42.5,27.1,148.3,4,5
7.13,15.7,24.2,48.4,2,1
7.69,21.6,64.4,198,1,5
7.42,11.6,61.2,186.8,2,5
5.58,24.4,38.3,51.7,2,5
7.95,39.1,41.2,219.1,1,1
6.12,23.8,42.7,184.3,3,5
7.7,39.2,42.8,187.6,2,3
8.06,17.7,70.9,233,3,5
4.91,22.1,60.4,324.5,2,5
6.1,16.6,76.9,36.4,2,3
5.93,31,61.7,161.9,3,3
6.32,43.4,83.8,58.1,1,3
6.61,28.8,78.6,125.9,4,3
7.19,15.4,30,81.7,3,5
4.59,43,32.7,3.8,2,1
6.19,42.2,85.9,182.8,3,1
5.47,11.8,90.4,74.7,2,1
6.47,10.6,31.1,151.3,3,3
6.19,29.5,86.6,130.4,1,1
7.49,13.8,51.9,7.1,3,3
5.69,39.6,65.2,181.6,1,3
4.66,41.2,94.9,72.6,4,5
7.14,33.2,83.6,300.7,2,3
7.25,27.9,55.7,258,1,3
6.95,35.2,68.2,207.9,2,3
5.47,10,62,236.3,4,3
6.08,17.1,25.3,309.1,2,1
7.25,26.5,85.7,177.5,4,3
7.95,15.7,21.9,36,2,1
6.73,23.1,86.7,181.3,2,1
7.9,39.5,58.4,315.8,1,1
8.44,20.2,79.6,196.2,2,3
5.17,32.1,26.4,378.7,3,5
5.02,43.1,73.4,296.7,1,5
4.94,29.6,38.5,390.9,4,1
5.11,37.5,29.2,75.7,2,1
7.65,21,26.4,185.8,1,3
5.38,43.2,91.6,396.2,3,3
5.35,21.9,43.9,382.6,1,3
5.24,41.8,82.1,65.5,3,3
4.82,33,69,38,3,3
7.21,35.6,36,31.5,3,5
5.44,16.7,63.1,131.2,2,5
6.36,10.5,56.1,22.3,1,3
6.46,13,64.4,303.5,3,5
7.76,36.9,80.2,351.7,3,5
6.78,37.7,72.3,398.2,1,5
5.62,19.2,36.7,283.6,3,5
7.27,18.8,39,251.5,4,5
7.91,43.8,63.6,363.5,3,1
4.55,43.8,55.5,319.3,3,3
5.59,20.2,29.2,322.3,2,1
5.2,30.6,39.1,103.6,3,3
4.99,16.1,38.5,389.5,3,3
5.47,27.2,25.6,13.9,1,1
5.05,34.1,94.5,158.3,2,1
7.83,26.2,75.3,51.3,1,1
5.14,24.9,29.8,279.6,3,3
5.09,14.9,63.8,394,4,5
7.98,12.5,85.7,209.7,1,5
5.69,20.7,86.4,289.5,2,1
5.53,31.6,54.5,313,4,1
8.03,24.1,25,206.4,4,1
8.3,27,55,261.8,3,3
8.18,33.4,21,81.9,3,5
7.86,20.2,89.8,221.2,1,1
4.99,43.7,29.2,102,1,1
7.85,28.1,48.3,368.7,4,1
5.42,39.7,30.4,232.1,2,3
7.49,38.2,75.2,370.1,4,5
4.69,18.6,30.7,223.2,1,3
4.64,39.1,64.4,143.2,1,3
8.42,31.6,33.8,271.6,3,5
7.95,15.3,40.9,37.4,4,5
8.17,12.7,52.1,213,1,1
7.51,44,79,385.3,3,5
6.11,32.6,46.3,109.4,2,3
4.64,36.9,74.2,385.6,4,5
6.58,17.1,60.9,306.1,4,3
5.28,31,44.9,3.7,1,3
7.87,19,41.4,384,1,5
5.64,14.2,27.7,31,2,5
5.94,40.2,51.8,366.3,2,1
7.5,12.6,26.7,260.8,3,1
8.17,23.6,64.7,200.3,1,1
8.15,18.9,77.9,106.2,4,5
4.58,43.8,31.2,327.8,4,5
5.37,30.5,46.1,263,1,5
4.9,24.7,81.1,355.3,3,5
7.57,20.1,50.7,209.6,4,5
5.11,31.9,25.5,75.9,3,5
5.27,41.9,21.4,261.4,1,1
6.85,17.8,83.5,196.8,2,1
8.44,37,92.4,205.7,1,3
8.02,43.7,44.3,319.5,4,3
5.22,22.2,89.9,58.4,4,1
4.98,21.4,62.2,74.9,1,1
5.36,16.5,54.1,299.1,3,1
6.66,43.5,49.3,168.1,2,3
7.38,29.7,93.1,275.5,2,3
7.44,20.2,42.8,313.2,2,3
5.5,38.6,28.3,331.8,4,5
6.67,19.9,44.3,140.6,2,1
4.63,33.2,47.8,258.4,3,5
7.42,34.2,28.5,262.8,1,3
6.16,25.2,55,281.9,2,3
4.74,34,62.6,139.8,1,1
6.38,27.9,67.7,264,3,5
5.13,32.4,85.5,163.8,4,1
7.83,40.8,65.5,344.3,3,3
4.87,34.9,25.2,198.5,4,5
7.98,16,46.4,309.7,3,5
7.77,42.6,85.7,127.8,4,5
5.53,13.3,43.6,350.1,2,5
6.23,26.1,92.7,118.5,3,5
4.74,27.1,81,39.5,3,3
7.56,35.3,62.4,187.3,2,3
7.75,38.5,68.2,183.2,1,1
4.6,11.8,91.9,110.9,4,1
4.98,12.8,31.7,100,3,1
8.45,25.5,58.9,208.7,3,3
4.54,10.1,27.3,40.6,3,1
8.08,42.5,93.2,375.6,4,1
5.2,38.2,86.6,340.5,4,5
4.89,11.4,76.5,170.1,2,1
7.92,26.8,82,326.9,3,3
8.3,15.3,26.1,172.6,3,1
7.82,35.5,35.7,379.6,3,1
5.72,27.5,51.7,68.7,1,5
5.32,16.5,56.7,319.2,2,5
7.05,34.1,70.1,179.8,4,1
7.94,37.2,38.4,307.2,1,1
4.76,37.3,76.7,325.5,3,1
7.32,15.4,68.7,33.6,1,3
7.11,15.1,33.9,81.8,1,3
6.08,32.9,52.9,310.4,3,3
4.7,40.7,26,59.3,1,3
6.83,44.5,86.5,164.3,2,3
5.11,14.8,29.9,45.6,4,5
8.35,30.2,94.1,149,3,1
5.23,15,90.9,394.7,4,1
6.19,16.5,47.3,51.6,3,5
5.91,13.3,52.1,393.3,2,5
7.87,43.3,79.3,263.8,1,5
6.35,44.6,77.7,384.8,4,1
7.33,36.6,59.2,369.7,1,3
7.19,20.7,22.7,374.3,3,5
5.1,39,82.7,325.8,1,5
5.72,10.3,82.5,35,1,3
6.61,42.4,22.4,309.4,3,3
6.22,12.2,79.2,211.8,1,5
6.95,38.2,52.8,221.8,4,1
5.4,31.5,67.1,293.6,2,5
5.29,43.3,60.4,268.8,3,3
7.58,34.7,23,218.6,3,3
8.09,10.7,84.4,367.8,1,5
6.27,32.9,45.5,129,3,1
7.82,22.2,50,357.6,1,1
8.33,41,32.7,189.3,3,1
5.99,16.8,28.6,296.1,1,1
7.59,18.5,23,394.2,4,5
8.12,30.5,36.1,355.6,4,1
7.95,23.7,59.3,365.9,4,1
5.35,12.8,62.1,5.4,1,3
6.12,11.4,82.6,83.9,2,1
7.49,17.7,25.4,286.3,1,5
6.28,22.1,53.8,299.4,3,5
6.6,11.1,55.1,354.1,1,3
7.02,42.7,76.8,41.4,2,1
5.18,27.3,55.4,382.5,2,3
8.27,40.7,35.7,198.4,2,1
5.94,38.9,53.9,209.5,4,5
6.45,37.1,31.3,244.6,2,1
5.81,21.5,64.9,73.4,3,1
5.91,28.4,65,226.7,1,3
5.01,36.6,83.8,102.8,3,1
6.63,33.1,23.1,288.6,2,5
7.81,25.8,31.2,394,1,3
6.15,16.4,90.6,212.9,4,1
5.84,44.5,59.1,56.3,2,1
4.67,26.2,51.4,311.7,2,3
5.22,30.7,26.7,293.5,4,5
6.72,27,82.6,374.4,3,5
8.46,15.5,39,35.6,4,1
7.91,37.3,67.3,205.6,4,3
7.87,33.7,72.3,214.4,4,3
6.02,37.2,57,355.7,4,1
8.05,26.3,58.7,133.1,4,3
4.98,40.8,78.4,76.3,2,3
5.24,19.6,50.7,279.7,4,3
7.57,36.5,66.3,314.8,1,1
6.96,38.8,61,87.4,1,1
7.29,26.7,82.7,271.2,1,1
8.44,39.5,79.2,132.1,2,3
6.65,15.1,61.5,259.5,3,5
8,13.8,79.4,68.3,1,1
7.56,24.2,85.4,209.9,2,3
4.94,37.6,32.6,138.2,1,5
5.99,39,34.3,322.9,4,3
5.71,14.6,48.7,81.5,2,3
4.55,28.9,63,365.7,1,5
6.39,19.4,24.2,163.5,2,5
5.73,28.7,30.1,373.1,4,5
5.87,31.5,27.2,141.8,4,1
7.91,30.3,59,372.3,2,5
5,15.6,70.8,216.6,4,1
8.05,40.4,46.8,356.4,1,3
6.21,14,52.5,182.9,2,5
8.47,18.5,34.9,210.7,3,5
7.59,28.1,65.7,289.5,4,1
8.04,10.6,50.4,370.5,3,5
8.43,17,24.9,343.8,1,1
6.56,39.3,75.4,106.1,3,5
7.94,41.4,91.7,351.8,4,1
7.6,35.9,60.4,34.9,3,1
5.95,32,70.5,84.3,1,1
5.25,24.2,74.8,386.2,4,1
5.06,12.5,61.8,116.1,4,3
8.38,18.9,56.4,200.5,4,1
6.27,25.6,47.2,6.8,4,1
4.51,20.8,40.9,157.4,2,3
7.27,32.1,80.3,180.8,1,3
6.21,34.6,52.6,167.1,3,3
5.85,17.8,46.9,92.1,2,3
7.65,22.8,94.2,237.5,2,5
7.42,36.2,34.7,187.3,2,3
7.23,30.6,83.2,113.8,1,1
7.26,35.6,23.2,270.3,3,5
6.18,16.8,51.2,153.7,1,1
6.93,10.8,89.8,274.5,3,3
5.3,30.3,55,167.9,4,3
4.8,43.1,89,273.8,2,3
7.66,12.6,25.1,215,4,1
6.19,14.8,32,30.8,3,5
7.74,25.8,58,13.1,1,3
6.68,35.9,65.4,156.9,2,3
5.96,35.8,58.5,295.5,2,3
6.64,27.9,39.9,374.3,3,5
6.23,14.4,57.7,224.5,1,3
8.27,37.1,82.9,146.7,3,1
5.3,14.4,45.9,55,3,5
6.26,25.8,42.5,228.5,1,5
5.83,30.7,73.7,355.6,3,3
6.05,27.6,77.7,351,2,5
7.6,25.1,44.9,164.5,3,5
6.47,17.3,32.2,16.9,4,5
5.32,34.3,75.6,103.6,3,1
6,36.6,54,317.3,3,3
7.92,42.9,63.5,95,4,3
7.1,16.2,23.8,273.2,3,3
7.49,29.7,26.2,74.2,4,3
6.76,27.6,35.2,27,3,5
6.37,40.4,83.7,204.6,2,1
7.25,19.5,82.4,33.5,2,1
8.02,20.6,69.1,195,2,1
8.29,11.4,88.9,243.6,4,1
6.39,40.4,51.1,213.9,2,5
7.07,35.1,63.7,57.3,3,1
6.48,40.5,78.2,33.6,4,1
7.48,14.9,70.3,94.5,1,1
5.11,13.2,38,40,1,3
6.97,14.9,90.9,373.2,2,1
4.61,42.6,59.2,17.3,1,1
6.07,33.4,55.2,153.5,3,1
4.9,38.3,30.1,238.1,4,5
7.06,26,50,237.1,3,1
6.74,33.4,22,186.3,2,3
6.74,40.3,86.2,28,1,5
5.09,36.8,75.8,361.3,1,5
7.81,33.5,87.1,22.9,4,1
4.64,28,65.7,76.5,3,1
6.37,40,45.7,106.7,3,3
4.62,37,28.3,11,3,1
7.78,34.9,93.6,284.6,2,5
8.5,34.9,77.1,375.3,3,1
7.9,43.4,35.8,201.6,1,1
6.9,19,45,176.6,4,5
6.47,20.5,31.9,18.9,4,3
7.64,15.9,28.1,299.7,3,3
7.36,21.4,41.7,209.5,3,1
5.2,37.1,58.5,4.2,4,1
6.54,17.5,61.4,391.7,3,1
5.47,18.7,48.4,327.2,1,5
6.67,32.3,59.1,173.6,2,3
6.1,37.8,77.3,53.6,2,3
6.64,40,24.4,210.6,4,3
4.89,18.4,50.5,346.3,1,5
8.34,10.2,23.6,59,4,5
8.07,16.5,66.5,366.9,1,3
6.33,23.2,63.3,175.5,3,1
6.67,26.6,91.6,62.3,4,5
5.54,38,40.4,13.3,1,5
7.53,32.4,89.3,313.2,2,5
7.07,33.4,82.4,229.5,2,1
5.69,16.4,66.2,93.5,3,5
6.93,22.7,76.4,150.1,4,3
7.1,22.5,92.3,374.5,4,3
6.3,28.8,75.7,278.5,3,3
8.49,22.2,82.5,279.1,4,3
7.64,41.5,36.4,250.2,1,1
6.42,18,48.6,261.5,2,5
8.22,39.8,25.1,397.4,2,5
4.55,16,82.9,8.7,4,1
6.84,37.4,76,20.2,1,5
6.71,32.6,32.6,390.5,3,5
8.25,30.5,72.4,210.1,4,5
5.57,26.4,25.7,282.4,4,1
4.51,35.2,82.5,158,3,3
6.99,10.4,56.6,257.7,1,3
7.56,30.9,89.5,159.4,1,1
4.7,14.8,26.2,337.2,3,1
6.31,10.1,50.1,74.7,2,3
6.45,11.4,69.2,336.8,3,1
5.3,41.1,44.2,5.4,4,5
7.12,18.1,38.9,186.6,3,5
7.8,20.2,80.6,368.1,1,1
7.71,28.5,71.3,249.1,2,3
5.28,42.6,38.8,293.6,2,3
5.74,36.2,61.8,353.2,3,5
7.51,15.3,50,193.1,3,3
7.25,17.6,73.2,374,2,5
4.78,40.3,41.4,246,4,5
7.4,25.6,24.5,319,2,3
4.59,40.2,31.8,205.7,3,1
5.86,26.4,43.4,175.2,4,1
5.45,44.6,57.6,77.7,2,5
4.59,33.8,61.1,67.8,3,1
5.68,39,67.9,359.3,4,1
7.85,11.9,78.2,245.5,4,1
4.83,35.8,61,381.4,1,5
5.35,31.5,74.2,288.9,3,1
4.81,22,71.5,199.4,3,5
6.13,23.7,80.7,163,3,5
7.92,43.6,71.6,145.7,2,3
7.88,36.8,48.4,191.5,2,3
7.61,41.3,74.3,186.1,2,5
6,26.2,65.7,2.6,2,3
7.89,28.7,29.8,319,2,1
6.56,13.1,69.2,364.5,4,5
8.11,20,69,213.9,1,1
5.7,11.7,75.8,298.4,3,1
5.47,10.8,80.7,196.5,2,3
4.75,22.2,80.4,367.5,2,5
8.13,28.5,36.5,319.2,3,3
5.43,28,44.1,61.7,2,5
6.78,40.7,34.7,66.8,3,1
7.14,37.8,76.3,376.9,1,1
6.7,13.9,41.7,83.2,4,3
4.63,33,65.8,283.3,1,5
5.66,14.5,83.2,298.8,3,3
8.37,30.8,80.1,105.8,4,1
7.24,33.8,61.4,225.4,1,3
5.91,40.5,43.2,218.5,3,5
6.24,25,83.2,322.2,1,5
5.8,31.3,85.7,353.5,3,3
6.36,44.2,70.8,162.9,1,5
4.88,39.2,76.4,184.2,4,1
5.65,18.7,90.4,323.7,4,5
5.07,10.9,37.8,309.7,3,1
5.51,23.8,93.7,97.9,4,3
4.94,27.1,48.4,278,3,3
4.63,31.7,24.2,246.5,4,1
7.78,41.9,81,122,1,5
5.78,38.7,20.7,1.5,1,1
7.66,42.6,28.8,92.8,3,1
7.23,28.6,26.2,114.1,1,5
7.33,31.8,57.2,119.5,3,1
4.61,17.4,52.4,167.4,1,5
6.7,12.7,90.7,39.8,4,1
8.03,10.7,76.8,144.7,3,3
4.78,36.9,25.3,368.8,1,5
7.39,23.8,36.3,303.6,1,1
6,27.7,47.2,102.8,4,1
6.21,24.1,73.4,367.1,4,5
7.62,32.4,24.5,38.3,3,3
7.8,21,48.8,363.8,4,3
5.57,14.1,21.2,42.8,1,3
4.76,14.8,33.6,252.8,2,5
5.5,23,27.3,90.6,3,3
7.09,42.1,68.2,13.3,2,3
7.23,18.8,49.4,258.4,3,1
5.84,22,91.9,319.4,3,3
7.74,15.5,35.8,146.4,4,1
4.99,27.3,40.7,227.5,3,5
4.95,14.9,81.6,354.4,4,3
4.71,31.3,73.7,149.1,2,3
8.24,12.3,34.4,27.4,1,3
6.8,12.9,40.5,119.1,4,3
4.79,35.6,42.4,180.9,2,5
6.76,41.6,57.2,376.6,3,5
8.24,21.3,47.4,18.2,3,3
7.59,15.2,53.3,70.7,3,3
8.12,18.1,41.9,340.4,2,5
6.48,13,93.9,235.2,3,5
4.81,38,89.4,349.8,3,5
4.64,32.8,60.1,183.7,2,1
4.54,12.6,36.8,13.3,3,3
5.22,36.3,35.3,275,1,5
8.24,11.3,57.5,341.8,1,5
6.09,33.8,86.8,16.4,1,5
5.43,19.3,36.6,78.3,4,1
5.08,17.2,38.5,373.2,1,5
4.92,39.3,50.6,105.1,3,5
7.61,41.1,89.6,95.2,2,5
8.02,15.4,84.6,131.8,1,5
5.81,41.1,21.9,162.5,2,3
5.19,18.8,85.8,174.4,3,3
5.07,19.1,61,95,2,3
7.59,43.2,28.7,133.9,1,5
7.74,36.6,56.3,215.1,4,1
7.67,30.1,39.9,267,3,1
6.45,23.3,73.9,353.6,3,5
6.55,34.5,84.2,186.8,3,5
5.14,33,85.3,357,1,3
5.83,44.3,44,297.7,4,1
6.07,43.8,62.9,375.1,2,1
7.37,36.1,87.9,1.8,3,5
4.62,44.1,36.7,189.1,2,5
6.02,11.6,45.1,156.6,3,3
6.68,44.6,79.4,397.3,4,3
7.29,13.9,53.1,323.6,4,1
7.48,18.9,85.7,183.9,3,5
6.17,36.3,61.1,152.7,4,5
6.06,13.8,87.2,14.2,2,1
7.06,42.3,31.4,226.8,3,1
6.6,31.9,76.8,336.4,4,5
8.49,25.2,21.8,145,1,3
5.63,11.9,71.6,29.6,4,5
4.75,19.4,62.9,385.9,4,5
5.2,19.3,25.7,311.4,3,3
5.49,18.5,94.3,302.7,2,3
7.98,32.6,91,112.5,1,5
6.07,40.8,93.5,197.5,1,1
7.91,32.6,23.4,216.9,3,3
5.81,26.5,79.9,18.6,2,5
5.42,21.8,94.9,330.2,3,3
5.86,20.4,37.6,332,4,3
6.01,27.7,59.6,355.5,4,1
6.27,36.1,89.8,363,4,5
6.41,25.1,68.1,377.9,2,1
5.27,41.3,92.3,191.5,1,3
7.29,22.4,86.6,390.3,4,3
5.69,30.5,53,120.9,2,1
5.29,29,65.1,243.4,1,1
7.84,26.7,94.1,175.8,1,3
7.11,39.8,90.7,398.9,2,1
6.3,29.7,31.8,342.5,1,1
5.62,14.9,71.3,124.9,2,5
7.08,29.6,23.4,372.8,4,1
6.65,34.9,24.2,252.7,2,1
7.58,17.9,93.2,398.1,3,5
5.66,34.1,45.4,387.1,4,5
6.21,21.4,68.4,52.4,3,3
7.72,40.1,47,130,2,1
8.28,15,87.7,33.4,2,3
4.65,35.2,41,285.8,4,3
8.23,25.8,75.1,200.4,1,1
5.3,29,53,156,4,5
4.68,21.9,50.9,38.8,3,1
8.48,35.8,26.6,8.1,3,5
7.65,42.3,64.9,74.8,1,5
6.82,33.9,45.3,152.6,2,1
7.02,37.6,32.9,84.8,4,1
7.04,20.2,79.4,323.2,2,1
7.09,44.7,66.7,14.3,1,5
5.28,38.5,83.4,103.4,4,5
8.13,27.6,69.2,166.2,3,5
5.86,32.2,64.3,117.4,3,5
6.16,32,88.6,14.5,3,1
6.51,25,74.7,97,4,5
8.14,43.6,78,362.4,3,1
4.53,34.7,90.3,74.8,2,5
8.21,32.6,92.8,137.9,3,5
6.03,10,74.9,300.7,1,3
6.59,22.6,21.2,225,4,5
7.52,10.3,91.9,206.1,2,3
6.83,22.2,83.3,144.5,4,5
6,10.6,49.3,261.8,3,5
4.73,30.6,76.7,165.3,3,3
5.31,15.4,56.1,211.7,1,3
6.9,28.4,58.7,349.3,3,5
7.19,22.1,21.3,100.5,3,1
5.19,24.5,56.2,183.7,2,1
8.3,30.4,79.7,172.2,4,3
8.08,18.4,34.9,198.5,1,3
7.11,34.8,78.4,225.6,2,3
6.95,35.5,45.9,268,3,5
7.36,28.2,71.2,107.8,2,5
6.89,20.2,73.7,322.4,4,1
7.14,34.3,72.8,273.1,2,3
5.52,15.5,71.9,37.3,3,3
7.93,41.7,50.6,338.7,4,1
7.64,12.6,94.1,269.9,1,3
7.2,11.5,82.8,67.8,4,1
4.77,26.9,32.7,291.8,4,1
6.77,20,48.3,326.2,2,1
5.81,24.9,60.7,149,3,1
6.23,23.4,68.6,386.5,3,5
5.71,11.1,32.4,158,2,3
6.23,21.8,29.2,118.4,1,1
7.36,31.4,52,95.6,1,3
5.9,17.5,28.7,351.9,3,1
6.46,40.5,61,192.3,1,5
4.95,16.2,79,334.3,2,3
7.03,25.4,71,43.4,2,3
7.02,21.1,32.1,163.7,3,5
6.03,31.5,81,10.5,3,1
6.68,32.8,58.8,396.7,2,5
4.87,15.6,48.7,62.2,1,1
5.84,32.4,60,326.2,3,3
7.55,36.1,58.2,361.2,2,3
6.93,44.9,42.4,129.8,2,1
7.48,13.7,93.6,292.4,3,5
6.52,34.5,60.7,266.7,4,1
7.89,15.7,40.3,17.3,3,1
7.72,32.9,52.8,260.8,1,3
7.01,32.4,78.1,161.2,4,1
8.35,17.5,61.4,240.7,3,3
6.59,22.1,59.4,92.9,2,3
5.84,16.4,44.3,19.7,2,5
7.76,24.8,87.7,193.3,4,1
7.43,29.8,40.4,58.2,3,1
4.88,23.8,58.6,330.8,4,3
7.79,32.7,41.7,338.1,4,3
8.41,43.1,46.9,56.2,1,5
4.58,23.8,90.6,348.5,1,3
4.52,17.5,21.9,301.8,4,3
7.07,18,31.8,251,3,5
5.89,30.6,43.3,399.7,3,1
6.19,31.6,45.6,11.5,3,1
7.01,12.9,86.4,107.5,3,1
6.81,29.1,56.9,287,4,5
5.2,37.4,69.8,273.3,3,3
4.82,39.8,24.2,59.5,2,5
4.81,42.2,93,242.4,4,5
5.81,27.3,88.7,382.3,2,5
5.43,20.4,53.1,125.7,1,1
7.55,35.7,81.1,12.9,3,1
6.63,30.2,23.9,102.1,2,3
8.17,27.5,60.9,333.2,2,1
8.12,37.6,88.2,87.3,3,5
4.94,37.8,33.7,323.2,4,1
6.39,33.9,67.5,170.9,1,3
6.52,12.2,89.2,70.8,3,5
5.36,28.5,38.1,303.9,4,3
8.08,32.7,74.4,219.7,4,5
8.13,24.6,43.6,155.4,4,5
6.49,27.3,64.1,145.1,4,1
8.32,30.4,23.2,387.7,3,3
5.09,15,32.6,18.2,4,3
7.3,39,79.4,353,2,5
8.3,35.3,25.3,272.7,1,5
5.99,30.5,20.9,132.8,1,3
7.77,17.2,59.6,81.6,3,3
4.82,30.6,22.4,42.7,1,1
4.62,30.1,82.9,288.9,1,3
7.19,11.3,84.2,362.5,2,1
7.48,32.2,70.9,322.6,2,1
6,41.4,21.3,279.5,2,1
8.48,34.1,22.6,330.8,3,5
5.75,19.4,52.4,151.5,2,1
5.69,17.5,70,268.1,1,5
7.91,28.2,66.6,36.5,1,3
5.52,27.6,80.9,297.5,1,5
6.21,44,62,101.6,3,1
6.59,10.3,82.3,281.6,1,3
5.95,42.7,84.7,114.2,1,1
5.92,33.9,92.5,145.2,2,3
4.65,43.3,69.8,376.7,1,3
6.45,25.8,44.9,383.1,1,3
5.15,35.7,74.5,170,2,1
5.57,12.2,79.7,248.7,3,1
4.66,15.8,54,98.9,4,3
6.56,35.5,22.7,146.1,3,5
4.98,40.5,90.5,31.5,2,5
4.83,32.5,92.9,391.3,3,3
5.31,41.1,88.4,243.2,1,3
7.15,39,71.4,213.6,2,5
6.39,20.3,80.1,278.7,2,5
7.1,18.5,87.8,39.8,2,1
5.92,43.4,83.8,117.8,3,1
5.63,41.1,92.5,28.2,3,1
4.87,23.2,43.8,214.4,2,5
5.05,38.5,70.9,355.6,3,3
7.96,25.3,48.6,373.1,4,5
7.69,31.3,28.7,116.6,2,3
4.87,34.8,75.1,114.2,1,1
4.59,37.6,43.8,341.5,1,3
5.8,28.1,53.4,135.6,2,1
7.83,13.7,30.6,390.9,2,3
6.59,17.5,73.9,33.9,2,5
8.16,28.4,30.3,229.1,1,1
4.62,28,26.3,187.8,1,1
4.81,17.8,70.5,357.9,1,1
6.75,29.1,91.8,299.1,1,1
6.72,31.5,44.1,228.1,4,1
6,35.9,88.7,183.1,2,1
8.12,29.9,78.5,317.8,1,5
8.34,13.1,71.2,384.9,1,1
8.23,36.1,37.3,133.6,2,1
7.9,32.1,46.4,30.7,1,1
8.15,35.6,82.2,298.4,2,5
8.11,32.8,49.9,33.4,2,1
5.6,17.7,59.6,67.9,4,5
6.8,15.2,44.3,164,3,3
5.39,31.6,38.3,395.3,3,5
7.3,38.1,74.1,279.9,2,3
7.05,39.7,70.2,293.2,4,1
5.09,27.7,54.2,398.9,3,3
5.84,39.1,66.1,278.8,1,3
7.04,30.6,88.6,359.3,4,3
8.39,39.1,40.3,171,2,3
5.25,10.1,74,170.2,1,1
7.83,44.1,68.2,184.6,4,5
5.35,24.3,94.4,0.3,2,1
7.37,22.3,54.3,59.4,4,1
6.63,13.4,79.3,226.6,1,5
6.03,13.4,59.3,205.8,4,3
7.83,36.3,30.8,248.8,2,3
6.03,14.6,84.7,245.6,1,5
6.65,42.3,64.7,388.7,1,5
7.69,28.4,26.8,233.2,4,1
7.54,37,69.8,86.3,3,1
8.31,12.8,60.2,125,4,5
6.92,10.3,78.5,328,1,3
6.88,24.9,45.1,226.3,3,1
8.38,38.3,76.3,304.2,1,5
6.05,41.5,33.3,116.9,4,1
6.2,27.2,84.2,209.3,2,3
6.13,28.1,76,48.4,3,5
5.94,23.7,79.5,129.7,1,5
5.43,35.2,61,178.7,4,5
8.03,29.6,65.7,350,2,1
7.51,25.2,61.1,24.8,3,3
4.74,15.9,79.7,0.5,3,5
6.88,37.2,57.9,203.8,1,5
6.93,41.4,50.1,154.1,4,5
4.62,27.6,80.3,220,1,5
5.58,35.7,65.8,68,4,5
8.46,10.3,39.8,79.9,3,3
7.27,37.7,39.3,177.7,4,3
7.29,32.2,28.6,312.4,4,1
5.12,19.4,49.5,112,4,5
7.05,29.8,36.9,367.2,4,3
8.37,35.4,94.5,260.4,1,5
5.8,10.2,71.1,107.5,1,1
6.42,43.8,38.2,288.5,1,3
6.5,22.3,77.9,249,3,3
5.44,36.4,84.9,351.4,4,1
8.43,23.3,67.9,64.4,3,1
7.51,12.3,77.3,309.9,4,3
6.46,13.9,55.4,97.5,1,1
5.42,12.7,89,212.2,1,5
7.01,42.3,33.4,118.2,2,5
4.59,15.2,22,396,4,5
8.48,31,22.5,32.6,1,5
6.92,25.4,90.1,213.9,3,5
5.09,18,28,55.9,1,5
6.19,44.4,31.8,216.3,3,1
6.61,43.1,49.3,26,1,1
5.42,31.6,25.1,185.9,2,3
4.58,44.5,47.5,311.4,4,5
6.05,22,21.6,144,2,5
5.08,30.7,86.9,280,1,3
5.71,25.9,59.5,340.2,3,3
4.53,42.3,24.1,106.3,1,1
6.92,26.8,90.1,96.2,4,1
4.81,31.3,71.1,202.2,3,3
7.91,14.9,50.1,30.1,2,1
8.26,35.9,60.6,373,3,1
6.88,24.3,82.9,74.1,1,5
8.12,40.9,58.2,257.3,3,3
8.13,42.6,87.2,55.3,3,5
5.94,28.2,78.4,224.8,1,3
7.36,37.7,57.1,342.8,3,1
4.93,23.8,75,368.5,2,1
5.12,34.2,92,256.4,4,1
4.85,35.5,65.2,264.6,3,1
7.62,42.5,94.2,232.5,3,5
7.65,11,24.3,26.9,4,1
5.98,13.7,74.9,128.4,3,1
6.74,22.7,68.1,108.5,4,3
5.14,37.4,73.1,73.1,1,1
7.61,21.5,69.4,49.7,3,3
6.07,12.6,55.6,168.7,4,3
5.95,36.5,47.7,286.1,2,5
6.76,43.3,28.2,13.2,1,5
8.46,26.9,55.1,258,3,1
8,36.1,57.3,184.7,4,1
6.33,10.6,33.1,195.4,2,3
6.59,22.1,27.9,383.3,2,5
7.38,22.2,94.6,121,3,3
7.84,16.7,73.2,24.6,2,3
8.16,27.2,53.6,389.3,2,3
5.01,27.7,59.7,205.8,3,1
7.34,34.9,28.7,228.1,3,5
4.84,31.9,41.1,202.8,1,1
4.98,30.7,92.7,62.7,1,3
7.6,19.9,41.6,362.4,1,3
6.9,14.4,79.7,256.7,3,5
4.95,23.3,78.1,166.9,3,5
4.56,40.8,27.6,56.2,1,5
6.65,20.1,46.3,137.2,3,1
6.94,41.5,43,74.7,2,3
8.22,15.8,30.8,216.6,1,3
6.9,16.3,56,263.2,2,3
6.3,21.7,42.8,164.4,1,3
7.88,22.4,23.5,394.7,2,5
5.98,35.8,42,229.9,4,3
5.82,35.4,65.9,47.9,1,1
7.75,22.2,64.6,68.3,3,1
7.57,24,81.2,283.3,1,5
5.24,44,73.8,333.6,4,3
7.47,12.7,62.6,171.6,3,3
5.64,13.9,67.4,97,4,3
6.37,23.7,74.3,363.8,1,1
6.94,21.1,77.9,388.6,2,3
5.41,43.5,54.4,83.3,2,5
5.57,40.8,32.2,25.8,2,5
4.99,26.5,67.1,339.5,2,3
5.44,33.7,52.3,45.9,3,3
5.21,22.5,69,93.6,1,5
6.39,25,37.5,21.5,3,1
7.36,40.1,20.7,386.6,1,3
5.51,26.5,46.5,142.3,3,3
8.47,31.5,54.7,36,4,1
7.3,24.2,61.1,377,3,1
5.11,37.7,24.7,32.7,2,1
6.13,11.6,91.8,381.1,3,1
6.81,18.3,39.7,196.5,1,5
7.73,26.9,69.1,75.7,3,1
6.61,37.3,77.7,141.7,1,5
7,15.2,71,42,1,5
6.04,12,48.6,361.3,4,5
8.22,23.8,52.1,231.4,4,5
4.57,31.3,89.1,42.5,1,1
7.73,19.4,86.2,22,4,3
7.14,22.9,78.6,66.6,2,1
7.91,36.4,58.8,228.9,2,1
7.65,33,55,385.8,4,5
5.99,31.6,63.2,157.7,2,3
6.8,25,39.8,304.4,4,3
5.97,41,76.6,129.3,3,1
8.34,18.6,20.7,173.5,4,3
7.69,39.5,50.1,171.9,4,1
7.06,12.3,75,215.6,3,5
5.23,25.4,80,184.8,4,5
5.25,35.8,56,181.5,3,1
4.63,20.4,85.3,7.3,3,1
6.99,36.6,74.4,276.8,3,1
